athlete,sport,substance_reason,sanction_terms,sanction_date
"montañez barroso, elias",cycling,non-analytical: refusal to submit to sample collection,4-year suspension; loss of results,2023-01-10
"ruiz-gutierrez, noslen",cycling,dexamethasone; phentermine; 19-noretiocholanolone (19-ne); 19-norandrosterone (19-na); anabolic agent,4-year suspension; loss of results,2023-01-04
"roberts, gil",track and field,andarine; ostarine,16-month suspension; loss of results,2022-12-08
"andrew, sidney",cycling,5-methylhexan-2-amine,12-month suspension; loss of results,2022-12-05
"rodriguez ocasio, christian",weightlifting,heptaminol; octodrine,12-month suspension; loss of results,2022-11-30
"scherf, lindsey",track and field,androgenic anabolic steroid,4-year suspension; loss of results,2022-11-29
"mead, hassan",track and field,ostarine; lgd-4033,3-year suspension; loss of results,2022-11-29
"evans, aja",bobsled,non-analytical: refusal to submit to sample collection,2-year suspension; loss of results,2022-11-18
"scantling, garrett",track and field,non-analytical: 3 whereabouts failures; tampering,3-year suspension; loss of results,2022-11-18
"provisor, ben",wrestling,amphetamine,16-month suspension; loss of results,2022-11-15
"skoog, arika",boxing,furosemide,1-year suspension; loss of results,2022-10-26
"navarrete, rene",weightlifting,cannabinoids,3-month suspension; loss of results,2022-10-14
"green, bobby",mixed martial arts,dehydroepiandrosterone (dhea),6-month suspension,2022-10-07
"guimarães, catarina",para track and field,non-analytical: use (intravenous infusion),public warning,2022-10-05
"bringas, joshua",weightlifting,"heptaminol; ibutamoren, oxilofrine; gw1516",3-year suspension; loss of results,2022-09-26
"zaleski dos santos, elizeu",mixed martial arts,ostarine,1-year suspension,2022-09-22
"ray, olivia",cycling,"human growth hormone (hgh), clenbuterol, and oxandrolone; non-analytical: possession",30-month suspension; loss of results,2022-09-22
"browne, richard",para track and field,cannabinoids,3-month suspension; loss of results,2022-09-07
"hearn, timothy",weightlifting,19-norandrosterone (19-na); trenbolone; clomiphene; gw1516; non-analytical: use (iv and blood transfusion),3-year suspension; loss of results,2022-09-06
"trujillo, nelson",cycling,non-analytical: refusal to submit to sample collection,12-year suspension; loss of results,2022-09-02
"jordan, clint",weightlifting,anabolic agent,4-year suspension; loss of results,2022-09-01
"coleman, ellis",wrestling,dehydroepiandrosterone (dhea),24-month suspension; loss of results,2022-08-31
"walker, gregory",para track and field,cannabinoids,3-month suspension; loss of results,2022-08-16
"hattingh, riekert",rugby,tamoxifen,6-month suspension; loss of results,2022-08-11
"nash, jackson ""huntley""",cycling,non-analytical: possession and use/attempted use; tampering/attempted tampering; trafficking/attempted trafficking; administration/attempted administration; complicity/attempted complicity; retaliation,lifetime suspension; loss of results,2022-08-10
"howes, lucas",cycling,cannabinoids,3-month suspension; loss of results,2022-08-05
"johns, miles",mixed martial arts,adderall,public warning,2022-07-21
"struxness, wyatt",boccia,furosemide,public warning,2022-07-07
"pena, felipe",brazilian jiu-jitsu,clomiphene,1-year suspension; loss  of results,2022-06-16
"allen, sabina",track and field,phentermine; lgd-4033,4-year suspension; loss of results,2022-06-09
"monastyrskyi, andrii",canoe,meldonium,3-year suspension; loss of results,2022-06-02
"kynard, erik",track and field,non-analytical: use (iv),6-month suspension,2022-05-27
"evans-smith, ashlee",mixed martial arts,dehydroepiandrosterone (dhea),14-month suspension,2022-05-16
"blanchfield, erin",mixed martial arts,spironolactone,public warning,2022-05-13
"downing, tricia",para shooting,androgenic anabolic steroid,2-year suspension,2022-05-09
"irizarry, ana",track and field,meldonium,3-year suspension; loss of results,2022-05-04
"valdes, hanncer",cycling,stanozolol,4-year suspension; loss of results,2022-04-28
"graham, taylor",wheelchair tennis,non-analytical: refusal to submit to sample collection,4-year suspension; loss of results,2022-04-27
"borrego lee, geony",cycling,phentermine,3-year suspension; loss of results,2022-04-20
"gormley, isabel",swimming,non-analytical: 3 whereabouts failures,1-year suspension; loss of results,2022-04-19
"mckay, dryden",ice hockey,ostarine,6-month suspension; loss of results,2022-04-18
"summerhill, daniel",cycling,amphetamine,1-year suspension; loss of results,2022-03-31
"abers, brian",cycling,ibutamoren,1-year suspension; loss of results,2022-03-18
"palmer, ahje",weightlifting,cannabinoids,1-month suspension; loss of results,2022-03-11
"lazishvili, zviad",mixed martial arts,clomiphene,10-month suspension,2022-02-23
"chavez, bernabe",weightlifting,"non-analytical: tampering, complicity",4-year suspension,2022-02-04
"wilson, ian",weightlifting,stanozolol; drostanolone,3-year suspension; loss of results,2022-02-03
"prazeres, michel",mixed martial arts,clomiphene; oxandrolone; androgenic anabolic steroid,4-year suspension,2021-12-23
"bowlby, grace",ice hockey,spironolactone,public warning,2021-12-16
"lampkin, trey",paralympic judo,hydrochlorothiazide (hctz),public warning,2021-12-07
"wethington, madeline",ice hockey,spironolactone,public warning,2021-12-06
"adel, jordan",weightlifting,ostarine; lgd-4033; ibutamoren,3-year suspension; loss of results,2021-11-30
"webb, noah",triathlon,androgenic anabolic steroid,4-year suspension; loss of results,2021-11-29
"benoit, ryan",mixed martial arts,modafinil,10-month suspension,2021-11-08
"tran, hillary",weightlifting,cocaine; d-methamphetamine,1-year suspension; loss of results,2021-10-28
"daniels, jamaal",paralympic track and field,non-analytical: administration; tampering,4-year suspension,2021-10-21
"jackson, desmond",paralympic track and field,dehydroepiandrosterone (dhea),14-month suspension; loss of results,2021-10-21
"augusto de freitas, geraldo",mixed martial arts,androgenic anabolic steroid,2-year suspension,2021-10-13
"mcwhirter, matt",cycling,androgenic anabolic steroid,4-year suspension; loss of results,2021-09-30
"lacoste, jacob",weightlifting,clomiphene; 19-norandrosterone (19-na),3-year suspension; loss of results,2021-09-29
"bontorin, rogerio",mixed martial arts,hydrochlorothiazide (hctz),3-month suspension,2021-09-29
"prince, mcaben",cycling,androgenic anabolic steroid,4-year suspension; loss of results,2021-09-14
"butterworth, andrew",weightlifting,non-analytical: refusal to submit to sample collection,7-year suspension; loss of results; sanction tolled due to retirement,2021-09-10
"shakirova, liliya",mixed martial arts,meldonium,2-year suspension,2021-08-30
"buckley, christian",weightlifting,ostarine,3-year suspension - loss of results,2021-08-25
"compton, katherine",cycling,androgenic anabolic steroid,4-year suspension; loss of results,2021-08-11
"hancock, regina",weightlifting,stanozolol,4-year suspension; loss of results,2021-08-11
"storie, logan",pentathlon,ostarine; lgd‐4033; gw1516,6-year suspension; second violation - sanction was tolled due to retirement; unretired so is eligible to compete starting 12/31/2026,2021-08-06
"alvis, juancamilo ronderos",mixed martial arts,cocaine,1-month suspension,2021-07-29
"richardson, sha'carri",track and field,cannabinoids,1-month suspension; loss of results,2021-07-02
"nelson, james",weightlifting,dehydrochloromethyltestosterone (dhcmt),4-year suspension; loss of results,2021-07-01
"prince, david",paralympic track and field,ostarine; lgd‐4033,12-month suspension; loss of results,2021-06-29
"koch, erik",mixed martial arts,stanozolol,18-month suspension,2021-06-16
"sisson, josh",paralympic judo,non-analytical: refusal to submit to sample collection,4-year suspension; loss of results,2021-06-16
"gallardo, luis",weightlifting,oxymetholone; dehydrochloromethyltestosterone (dhcmt); arimistane; torasemide,4-year suspension; loss of results,2021-06-03
"montgomery, kahmari",track and field,cannabinoids,1-month suspension; loss of results,2021-06-03
"pearson, keir",rowing,non-analytical: possession and use/attempted use; administration (lgd-4033),lifetime suspension,2021-05-13
"piechota, oskar",mixed martial arts,growth hormone releasing peptide 2 (ghrp-2),22-month suspension,2021-05-05
"pessoa nunes, raphael",mixed martial arts,hydrochlorothiazide (hctz); possession and use/attempted use; evading sample collection,2-year suspension,2021-05-03
"jackson, tate",swimming,cannabinoids,1-month suspension; loss of results,2021-04-29
"koehly, rebekah",weightlifting,testosterone,20-month suspension; loss of results,2021-04-28
"aivazian, vahe",cycling,testosterone;	nandrolone; 	dehydroepiandrosterone (dhea); 	somatropin (hgh); ipamorelin; 	ghrp-6; cjc-1295;  igf-1; human chorionic gonadotropin (hcg); anastrozole,4-year suspension; loss of results,2021-04-15
"igbokwe, obichukwu",track and field,dehydrochloromethyltestosterone (dhcmt),30-month suspension; loss of results,2021-04-08
"burkett, richard",paralympic archery,testosterone,15-month suspension; loss of results,2021-04-05
"ellis, james",weightlifting,cannabinoids,6-month suspension; loss of results,2021-03-05
"thomas, lorenzo",rugby,gw1516,4-year suspension; loss of results,2021-03-04
"azaitar, abu",mixed martial arts,tamoxifen,7-month suspension,2021-02-01
"pennington, raquel",mixed martial arts,7-keto-dhea; aod-9064,6-month suspension,2021-01-28
"ewell, andre",mixed martial arts,ostarine,public warning,2021-01-19
"santanna, eduarda neves",mixed martial arts,lgd-4033,1-year suspension,2021-01-15
"castro, vinicius moreira",mixed martial arts,anastrozole,public warning,2021-01-15
"hisaka, scott",weightlifting,non-analytical: possession and use/attempted use,4-year suspension; loss of results,2021-01-05
"blocker, jasmine",track and field,spironolactone,public warning,2020-12-28
"munsell, megan",weightlifting,gw1516,4-year suspension; loss of results,2020-12-22
"williams, susanne",weightlifting,ostarine,4-year suspension; loss of results,2020-12-16
"pelegrin, robert",cycling,anastrozole,1-year suspension; loss of results,2020-12-09
"lewis-parry, chi",mixed martial arts,drostanolone; stanozolol; dehydrochloromethyltestosterone (dhcmt); tampering,4-year suspension,2020-12-04
"barriault, marc-andre",mixed martial arts,ostarine,6-month suspension,2020-12-04
"rodriguez, yair",mixed martial arts,3 whereabouts failures,6-month suspension,2020-12-03
"mclaughlin, anthony",weightlifting,non-analytical: possession and use/attempted use,4-year suspension; loss of results,2020-11-30
"pessoa nunes, raphael",mixed martial arts,hydrochlorothiazide (hctz),1-year suspension,2020-11-23
"fiechter, olivia",squash,spironolactone,public warning,2020-11-20
"ronson, jesse",mixed martial arts,metandienone,20-month suspension,2020-11-18
"hipona, alissandra",weightlifting,non-analytical: possession and use/attempted use,2-year suspension; loss of results,2020-11-09
"bey, kamal",wrestling,non-analytical: 3 whereabouts failures,1-year suspension; loss of results,2020-10-30
"sherman, chase",mixed martial arts,anastrozole,9-month suspension,2020-10-20
"martin, jeff",cycling,androgenic anabolic steroid,2-year suspension; loss of results,2020-10-01
"millican, morgan",weightlifting,clomiphene,2-year suspension; loss of results,2020-09-29
"harroufi, ridouane",track and field,androgenic anabolic steroid,8-year suspension; loss of results,2020-09-24
"fritzen procopio, lara",mixed martial arts,ostarine,6-month suspension,2020-09-21
"mccullough, matthew",weightlifting,higenamine,20-month suspension; loss of results,2020-09-17
"gonzalez villa, jorge",mixed martial arts,stanozolol; drostanolone,2-year suspension,2020-09-11
"wood, jonathan",cycling,androgenic anabolic steroid,2-year suspension;  loss of results,2020-09-09
"parlor, tiffany",weightlifting,non-analytical: possession and use/attempted use,4-year suspension; loss of results,2020-09-08
"fix, daton",wrestling,ostarine,1-year suspension; loss of results,2020-09-08
"doskalchuk, oleksandr",mixed martial arts,mesterolone,14-month suspension,2020-09-02
"gicquel, barbara",cycling,methyltestosterone,1-year suspension; loss of results,2020-08-14
"dombrovskiy, vladyslav",wrestling,non-analytical: possession and use/attempted use; refusal to submit to sample collection,4-year suspension; loss of results,2020-07-28
"melendez, gilbert",mixed martial arts,ghrp-6,2-year suspension,2020-07-27
"woolsey, taff",weightlifting,non-analytical: possession (exemestane),2-year suspension; loss of results,2020-07-22
"castille, kevin",track and field,19-norandrosterone (19-na),4-year suspension; loss of results,2020-07-16
"prusmack, jeff",weightlifting,non-analytical: possession and use/attempted use,4-year suspension; loss of results,2020-07-02
"alonso, leynier",cycling,phentermine,4-year suspension; loss of results,2020-06-30
"arruda da silva, bruno",mixed martial arts,boldenone,2-year suspension,2020-06-22
"ostovich-berdon, rachael",mixed martial arts,ostarine; gw1516,1-year suspension,2020-06-18
"glanville, justin",weightlifting,non-analytical: possession and use/attempted use,4-year suspension; loss of results,2020-06-09
"walsh, cole",track and field,cannabinoids,6-month suspension with 3-month deferral; loss of results,2020-06-01
"romero noboa, isidro",triathlon,androgenic anabolic steroid; cannabinoids; anastrozole; clomiphene; gw1516,4-year suspension; loss of results,2020-05-22
"gastelum, kelvin",mixed martial arts,cannabinoids,9-month suspension with 5-month deferral,2020-05-11
"ortiz, robert",weightlifting,cannabinoids,12-month suspension with 6-month deferral; loss of results,2020-05-04
"hurst, rowdy",weightlifting,androgenic anabolic steroid; clomiphene; modafinil,4-year suspension; loss of results,2020-04-24
"saccente, nicholas",weightlifting,non-analytical: possession and use/attempted use; non-analytical: 3 whereabouts failures,8-year suspension; loss of results; sanction tolled due to retirement,2020-04-16
"penchel, lucas",mixed martial arts,non-analytical: complicity,2-year suspension,2020-03-23
"gleaves, john",cycling,oxandrolone; clomiphene,4-year suspension; loss of results,2020-03-20
"bond, daniel",cycling,non-analytical: refusal to submit to sample collection,4-year suspension; loss of results,2020-03-18
"aguero, manuel",weightlifting,amphetamine; modafinil,4-year suspension; loss of results,2020-03-12
"jones, addison",weightlifting,cannabinoids,6-month suspension with 3-month deferral; loss of results,2020-03-05
"penne, jessica",mixed martial arts,stanozolol,20-month suspension,2020-02-28
"de padua, isabela",mixed martial arts,19-norandrosterone (19-na),2-year suspension,2020-02-27
"strange, robert",weightlifting,dehydroepiandrosterone (dhea),1-year suspension; loss of results,2020-02-21
"prazeres, michel",mixed martial arts,boldenone,2-year suspension,2020-02-11
"duarte, kaynan",brazilian jiu-jitsu,ostarine,1-year suspension,2020-02-07
"saint preux, ovince",mixed martial arts,ostarine; lgd-4033; gw1516,3-month suspension,2020-01-31
"sanchez, diego",mixed martial arts,"ostarine, s-23",3-month suspension,2020-01-31
"o'malley, sean",mixed martial arts,ostarine,6-month suspension,2020-01-09
"townsend, dequan",mixed martial arts,"cocaine, fentanyl",6-month suspension,2020-01-08
"dumala, samantha",waterskiing,spironolactone,public warning,2020-01-07
"dreaver, ted",weightlifting,androgenic anabolic steroid,39-month suspension; loss of results,2020-01-06
"martinez, cristofer",weightlifting,5-methylhexan-2-amine,2-year suspension; loss of results,2019-12-27
"taha, khalid",mixed martial arts,furosemide,1-year suspension,2019-12-23
"glasgow, scott",weightlifting,non-analytical: complicity,4-year suspension,2019-12-20
"merrell, miranda",weightlifting,oxandrolone,2-year suspension; loss of results,2019-12-19
"cachoeira gomes da silva, priscila",mixed martial arts,hydrochlorothiazide,4-month suspension,2019-12-18
"gochenour, alexandria",track and field,ostarine,4-year suspension; loss of results,2019-12-17
"shafer, janelle",weightlifting,ostarine,4-year suspension; loss of results,2019-12-17
"letellier, lawrence",weightlifting,clomiphene,2-year suspension; loss of results,2019-12-04
"akuna, kiara",weightlifting,methandienone; dehydrochloromethyltestosterone (dhcmt),4-year suspension; loss of results,2019-11-27
"nunez, erik",weightlifting,gw1516,4-year suspension; loss of results,2019-11-21
"anderson, kaley",weightlifting,di‐hydroxy‐lgd‐4033,4-year suspension; loss of results,2019-11-20
"nunes souza, istela iane",mixed martial arts,stanozolol,2-year suspension,2019-10-25
"y frederico salvador de lemos, giacomo",mixed martial arts,drostanolone,2-year suspension,2019-10-24
"arte, john allan",mixed martial arts,tamoxifen,1-year suspension,2019-10-18
"gatto regonha, melissa",mixed martial arts,furosemide,1-year suspension,2019-10-17
"kurth, ty",cycling,testosterone,2-year suspension; loss of results,2019-10-17
"dwyer, conor",swimming,androgenic anabolic steroid,20-month suspension; loss of results; sanction tolled due to retirement,2019-10-11
"franklin, natalie",weightlifting,ostarine; lgd-4033,4-year suspension; loss of results,2019-10-10
"allison, kyler",bobsled and skeleton,non-analytical: refusal to submit to sample collection,4-year suspension; loss of results; sanction tolled due to retirement,2019-10-09
"davis, todd",track and field,non-analytical: refusal to submit to sample collection,4-year suspension; loss of results,2019-10-04
"cano, josue",weightlifting,non-analytical: refusal to submit to sample collection,4-year suspension; loss of results; sanction tolled due to retirement,2019-10-03
"salazar, alberto",track and field,"non-analytical: tampering, administration (iv), and trafficking (testosterone)",4-year suspension,2019-09-30
"brown, jeffrey",track and field,"non-analytical: tampering, administration (iv), and complicity (testosterone)",4-year suspension,2019-09-30
"carlberg, angela",weightlifting,vilanterol,public warning,2019-09-27
"branch, david",mixed martial arts,ipamorelin,2-year suspension,2019-09-18
"frota lima, sarah",mixed martial arts,stanozolol,2-year suspension,2019-09-17
"smoliakov, dmitrii",mixed martial arts,recombinant human erythropoietin (rhuepo); intact human chorionic gonadtrophin (hcg),2-year suspension,2019-09-10
"goss, lauren",triathlon,cannabinoids,6-month suspension; loss of results,2019-09-05
"maynard, nicole",weightlifting,methenolone; lgd‐4033; gw1516,4-year suspension; loss of results,2019-09-04
"gouti, thibault",mixed martial arts,ostarine; lgd-4033; gw1516,6-month suspension,2019-08-27
"dollaway, cb",mixed martial arts,anastrozole; ghrp-2; ghrp-6; clomiphene,2-year suspension,2019-08-26
"dolidze, roman",mixed martial arts,clomiphene; dehydrochloromethyltestosterone (dhcmt),1-year suspension,2019-08-23
"bond, michael",powerlifting,"ostarine, rad140, gw1516",4-year suspension; loss of results,2019-08-21
"licon, william",swimming,non-analytical: use (vilanterol),public warning,2019-08-01
"schafer, mallory",triathlon,higenamine,10-month suspension,2019-07-30
"galloway, jacqueline",taekwondo,ibutamoren,6-month suspension,2019-07-29
"amedovski, alen",mixed martial arts,cannabinoids,6-month suspension with 3-month deferral,2019-07-18
"sacklow, joe",weightlifting,"heptaminol, 1,4‐dimethylpentylamine (1,4‐dmpa), octodrine, ostarine, di‐hydroxy‐lgd‐4033",4-year suspension; loss of results,2019-07-17
"warren, darcie",weightlifting,non-analytical: refusal to submit to sample collection,8-year suspension; loss of results,2019-07-11
"shtyrkov, ivan",mixed martial arts,boldenone,2-year suspension,2019-07-09
"le, talina",taekwondo,higenamine,18-month suspension; loss of results,2019-07-08
"mosley, mandy",weightlifting,"higenamine, heptaminol, and octodrine",16-month suspension; loss of results,2019-06-27
"hu, yaozong",mixed martial arts,"androsta-3,5-diene-7,17-dione",10-month suspension,2019-06-14
"gorgees, alex",mixed martial arts,drostanolone; dehydrochloromethyltestosterone (dhcmt),16-month suspension,2019-05-31
"waterstraat, elizabeth",triathlon,ostarine,6-month suspension; loss of results,2019-05-24
"porfirio de araùjo, tayane",brazilian jiu-jitsu,"19‐norandrosterone (19‐na), 19-noretiocholanolone",4-year suspension; loss of results,2019-05-10
"omar, mohamed",weightlifting,clomiphene,2-year suspension; loss of results;,2019-05-07
"tisinger-ledkins, janel",racquetball,octopamine,16-month suspension; loss of results,2019-05-02
"costa, carlos",mixed martial arts,non-analytical: possession and administration,6-month suspension,2019-04-26
"costa, paulo",mixed martial arts,non-analytical: intravenous infusion,6-month suspension,2019-04-26
"montano, nicco",mixed martial arts,ostarine,6-month suspension,2019-04-23
"o'malley, sean",mixed martial arts,ostarine,6-month suspension,2019-04-23
"vettori, marvin",mixed martial arts,ostarine,6-month suspension,2019-04-23
"mendes, augusto",mixed martial arts,ostarine,6-month suspension,2019-04-23
"harris, walt",mixed martial arts,lgd-4033,4-month suspension,2019-04-22
"taisumov, mairbek",mixed martial arts,stanozolol,6-month suspension,2019-04-11
"dillashaw, tj",mixed martial arts,recombinant human erythropoietin (rhuepo),2-year suspension,2019-04-09
"murzakanov, azamat",mixed martial arts,boldenone,2-year suspension,2019-04-08
"magomedov, ruslan",mixed martial arts,methyltestosterone; stanozolol,lifetime suspension,2019-04-01
"baratto, joseph",cycling,androgenic anabolic steroid,1-year suspension; loss of results,2019-03-20
"logan, devin",skiing,cannabinoids,6-month suspension with 3-month deferral - loss of results,2019-03-01
"schenk, cheyenne",weightlifting,cannabinoids,6-month suspension with 3-month deferral - loss of results,2019-02-26
"murtazaliev, khalid",mixed martial arts,drostanolone,2-year suspension,2019-02-22
"collier, jake",mixed martial arts,higenamine,10-month suspension,2019-02-19
"sorensen, ira",cycling,androgenic anabolic steroid,2-year suspension; loss of results,2019-02-12
"pate, jennifer",cycling,androgenic anabolic steroid,4-year suspension; loss of results,2019-02-11
"campbell, rachel",weightlifting,non-analytical: refusal to submit to sample collection,4-year suspension; loss of results; sanction tolled due to retirement,2019-02-07
"cuicchi, trevor",weightlifting,ostarine,9-month suspension; loss of results,2019-01-28
"juneau scott, cory",skateboarding,cannabinoids,6-month suspension with 3-month deferral - loss of results,2019-01-22
"carrillo, michel",cycling,"erythropoietin (epo); 19‐norandrosterone (19‐na); androgenic-anabolic steroids (aas); clostebol, testosterone",4-year suspension; loss of results,2019-01-18
"maia, jennifer",mixed martial arts,"furosemide; hydrochlorothiazide; chlorothiazide; thiazide metabolite 4-amino-6-chloro-1,3-benzenedisulfonamide (acb)",6-month suspension,2019-01-15
"brown, robert",weightlifting,heptaminol,9-month suspension; loss of results,2019-01-14
"grove, carl",cycling,trenbolone; clomiphene,public warning,2019-01-04
"pate, david",cycling,androgenic anabolic steroid,4-year suspension; loss of results,2018-12-20
"zeng, laura",gymnastics,acetazolamide,6-month suspension; loss of results,2018-12-19
"sekulic, stefan",mixed martial arts,drostanolone; metandienone,2-year suspension,2018-12-18
"kandare, bharat vijay",mixed martial arts,boldenone; tamoxifen,2-year suspension,2018-12-17
"lopez, enrique",cycling,erythropoietin (epo),4-year suspension - loss of results,2018-11-12
"strickler, steven",cycling,androgenic anabolic steroid,4-year suspension - loss of results,2018-11-07
"reyes, polo",mixed martial arts,ostarine,6-month suspension,2018-10-29
"tanski, jeff",cycling,androgenic anabolic steroid,4-year suspension - loss of results,2018-10-18
"scott, bradley",mixed martial arts,cocaine,2-year suspension; sanction tolled due to retirement,2018-10-16
"gonzalez, mijail",cycling,dexamethasone,4-year suspension - loss of results,2018-10-03
"eyler, bob",archery,cannabinoids; propranolol,2-year suspension - loss of results,2018-10-01
"diaz, raul",cycling,"erythropoietin (epo), dexamethasone",4-year suspension - loss of results,2018-09-27
"butterworth, andrew",weightlifting,stanozolol,42-month suspension - loss of results; sanction tolled due to retirement,2018-09-26
"jones, jon",mixed martial arts,chlorine-substituted anabolic steroid,15-month suspension - loss of results,2018-09-19
"dudeck, cameron",weightlifting,dhcmt,4-year suspension - loss of results,2018-09-17
"bedford, stephen",cycling,cannabinoids,6-month suspension with 3-month deferral - loss of results,2018-09-12
"francis, victoria",wrestling,ostarine,1-year suspension - loss of results,2018-08-31
"ortiz, robert",weightlifting,"1,4‐dimethylpentylamine",16-month suspension - loss of results,2018-08-27
"malinowski, emily",weightlifting,androgenic anabolic steroids,45-month suspension - loss of results,2018-08-24
"payne, demi",track & field,drostanolone,4-year suspension - loss of results,2018-08-24
"gaskins, joshua",weightlifting,androgenic anabolic steroids,2-year suspension - loss of results,2018-08-22
"boss, logan",track & field,canrenone,6-month suspension - loss of results,2018-08-21
"frazier, daniel",cycling,"androgenic anabolic steroid, clomiphene",1-year suspension - loss of results,2018-08-15
"ssekyaaya, charles",weightlifting,"1,3-dimethylbutylamine (dmba)",9-month suspension - loss of results,2018-08-13
"ferraro,  anthony",paralympic judo,cannabinoids,6-month suspension with 3-month deferral - loss of results,2018-08-08
"mazur, bruce",cycling,androgenic anabolic steroids,4-year suspension - loss of results,2018-08-01
"casey, jack",swimming,anastrozole,6-month suspension - loss of results,2018-07-26
"lochte, ryan",swimming,non-analytical: use (iv),14-month suspension,2018-07-23
"silva, anderson",mixed martial arts,methyltestosterone; hydrochlorothiazide,1-year suspension,2018-07-18
"meacham, michael",triathlon,androgenic anabolic steroids,1-year suspension - loss of results,2018-06-29
"oleksiejczuk, michał",mixed martial arts,clomiphene,1-year suspension,2018-06-12
"ainslie, roger",cycling,gw1516,42-month suspension - loss of results,2018-06-08
"brown, buster",cycling,androgenic anabolic steroid,2-year suspension - loss of results,2018-06-01
"gross, scott",cycling,non-analytical: refusal to submit to sample collection,4-year suspension - loss of results,2018-05-22
"chipangama, jordan",track and field,meldonium,4-year suspension - loss of results,2018-05-15
"colunga, cesar",karate,methylphenidate,4-month suspension - loss of results,2018-05-09
"kendall, amanda",swimming,non-analytical: use (vilanterol),3-month suspension - loss of results,2018-05-08
"dahlkemper, abigail",soccer,spironolactone,public warning,2018-05-04
"nogueira, antonio rogerio",mixed martial arts,hydrochlorothiazide,6-month suspension,2018-04-23
"almeida, junior dos santos",mixed martial arts,hydrochlorothiazide,6-month suspension,2018-04-23
"de lima, marcos rogerio",mixed martial arts,anastrozole; hydrochlorothiazide,6-month suspension,2018-04-23
"griffin, jason",paralympic cycling,benzoylecgonine and methylecgonine,1-year suspension - loss of results,2018-04-18
"rivera, jessica",weightlifting,stanozolol,4-year suspension -  loss of results,2018-04-16
"miller, barry",cycling,androgenic anabolic steroid,1-year suspension -  loss of results,2018-04-13
"lima, dylan",cycling,testosterone,3-year suspension - loss of results,2018-04-10
"diaz, nick",mixed martial arts,non-analytical: 3 whereabouts failures,1-year supension,2018-04-09
"britt, teresa",weightlifting,higenamine,2-year suspension - loss of results,2018-04-09
"rothwell, ben",mixed martial arts,testosterone,2-year suspension,2018-04-06
"palicka, megan",weightlifting,ostarine and rad140,3-year suspension - loss of results; sanction tolled due to retirement,2018-04-06
"volrath, frank",weightlifting,"ostarine, rad140, ibutamoren",4-year suspension - loss of results; sanction tolled due to retirement,2018-04-05
"gough, nicholas",triathlon,erythropoietin (epo),4-year suspension - loss of results,2018-04-02
"rosiek, julie",triathlon,androgenic anabolic steroid,2-year suspension - loss of results,2018-03-30
"raymond, abby",weightlifting,ostarine,3-month suspension - loss of results,2018-03-29
"lemos, amanda",mixed martial arts,stanozolol,2-year suspension,2018-03-28
"barnett, josh",mixed martial arts,ostarine,public warning,2018-03-23
"jarrett, kaitlyn",weightlifting,higenamine,1-year suspension - loss of results,2018-03-23
"roman, lazaro",weightlifting,"higenamine, clomiphene, dehydrochloromethyltestosterone (dhcmt)",4-year suspension - loss of results,2018-03-09
"cutelaba, ion",mixed martial arts,non-analytical: blood transfusion,6-month suspension,2018-03-08
"calvillo, cynthia",mixed martial arts,cannabinoids,6-month suspension,2018-03-07
"alexandrov, mihail (mike)",swimming,benzoylecgonine and methylecgonine,1-year suspension - loss of results,2018-03-06
"anyanwu, azunna",mixed martial arts,furosemide,1-year suspension,2018-03-02
"tukhugov, zubaira",mixed martial arts,ostarine,2-year suspension,2018-02-15
"magomedov, ruslan",mixed martial arts,ostarine,2-year suspension,2018-02-15
"wallhead, jim",mixed martial arts,ostarine,9-month suspension,2018-02-06
"de tomas, carls john",mixed martial arts,furosemide,1-year suspension,2018-02-05
"mulheron, james",mixed martial arts,clomiphene,1-year suspension,2018-01-30
"less, david",cycling,non-analytical: refusal to submit to sample collection,2-year suspension - loss of results,2018-01-29
"webb, craig",cycling,non-analytical: refusal to submit to sample collection,4-year suspension - loss of results,2018-01-26
"schumm, jennifer",cycling,testosterone,4-year suspension - loss of results,2018-01-25
"jackson, sharon",racquetball,spironolactone,public warning,2018-01-24
"harrison, marck",boccia,chlorthalidone,public warning,2018-01-24
"travis, alyssa",weightlifting,non-analytical: refusal to submit to sample: collection,4-year suspension - loss of results,2018-01-23
"grayson, lemuel",weightlifting,hydrochlorothiazide,public warning,2018-01-22
"beyer, bill",triathlon,testosterone,2-year suspension - loss of results,2018-01-19
"rivera, francisco",mixed martial arts,clenbuterol,4-year suspension,2018-01-19
"oliver, jordan",wrestling,amphetamine,1-year suspension - loss of results,2018-01-09
"penne, jessica",mixed martial arts,dehydroepiandrosterone (dhea),18-month suspension,2018-01-05
"vennera, james",archery,metoprolol,public warning,2018-01-05
"miller, jeffery",cycling,"testosterone, human growth hormone (hgh), oxandrolone",4-year suspension - loss of results,2017-12-28
"patel, vikas",track and field,non-analytical: ostarine,4-year suspension - loss of results; sanction tolled due to retirement,2017-12-27
"wolter, kenna",track and field,"non-analytical: ostarine, methylstenbolone",2-year suspension - loss of results,2017-12-22
"sanford, jonathan",track and field,non-analytical: use and possession (ostarine),1-year suspension - loss of results,2017-12-21
"zoda, michael",weightlifting,non-analytical: possession (peptides),2-year suspension - loss of results,2017-12-20
"polk, tori",track and field,non-analytical: possession (peptides),2-year suspension - loss of results,2017-12-15
"harroufi, abdelmounaim",track and field,non-analytical: use and possession (aicar),4-year suspension - loss of results,2017-12-08
"henderson, jay",cycling,cannabinoids,6-month suspension with 3-month deferral - loss of results,2017-12-07
"boss, logan",track and field,canrenone,public warning,2017-12-06
"owusu-nyantekyi, nana",track and field,non-analytical: use and possession (ostarine),1-year suspension from 1/8/2017 - loss of results from 8/25/2015,2017-12-04
"blandford, jenna","cycling, triathlon","non-analytical: use and possession (testosterone, hgh and oxandrolone)",4-year suspension - loss of results,2017-11-28
"dates, royce",track and field,non-analytical: use and possession (ostarine),4-year suspension - loss of results,2017-11-21
"roberts, lisa",triathlon,vilanterol,public warning - loss of results,2017-11-10
"bell, kenwood (kenta)",track and field - athlete support personnel,"non-analytical: possession, adminstration and complicity",lifetime; second violation,2017-11-08
"westbrook, atlanta",track and field,non-analytical: use and possession (ostarine),4-year suspension - loss of results,2017-11-03
"felipe cabral de almeida, carlos",mixed martial arts,stanozolol metabolites,2-year suspension,2017-10-20
"taylor, jesse",mixed martial arts,clomiphene,1-year suspension,2017-10-13
"vance, shaquille",paralympic track and field,non-analytical: evading sample collection,4 year suspension with 1 year reduction - loss of results,2017-10-10
"roehrick, nick",mixed martial arts,clomiphene and its metabolite,1-year suspension,2017-09-21
"schiefer, john",cycling,clomiphene and its metabolite,6-month suspension - loss of results,2017-09-06
"wuebben, zachary",weightlifting,clomiphene and methylphenidate metabolite ritalinic acid,4-year suspension - loss of results,2017-08-31
"heinzl, sarah",paralympic basketball,non-analytical: use (higenamine),public warning,2017-08-29
"leogrande, kayle",cycling,"raloxifene, ostarine, ibutamoren, gw1516 sulfone, rad140, lgd4033, andarine",8-year suspension - loss of results,2017-08-28
"herbert, zack",weightlifting,non-analytical: refusal to submit to sample collection,2-year suspension - loss of results; sanction tolled due to retirement; unretired - eligible to compete starting 3/7/2020,2017-08-22
"cannetti, guido",mixed martial arts,"hydrochlorothiazide, chlorothiazide, ostarine and stanozolol metabolites",10-month suspension,2017-08-18
"acevedo-fuller, carlee",weightlifting,"higenamine, 1,4-dimethylpentylamine",9-month suspension - loss of results,2017-08-16
"goodwin, marquise",track and field,non-analytical: 3 whereabouts failures,1-year suspension - loss of results,2017-08-15
"carter, chris",track and field,ostarine,9-month suspension - loss of results,2017-08-11
"blazejack, tony",cycling,clenbuterol,4-year suspension - loss of results,2017-08-08
"stohr, riley",luge,cannabinoids,6-month suspension - loss of results; sanction tolled due to retirement,2017-07-27
"cruse, j.c.",bobsled and skeleton,dimethylbutylamine (dmba),16-month suspension - loss of results,2017-07-20
"bushey, kayla",track and field,non-analytical: use and possession,2-year suspension - loss of results,2017-07-19
"mcpherson, scott",track and field,androgenic anabolic steroid,4-year suspension - loss of results; sanction tolled due to retirement,2017-07-17
"nguyen, tam",weightlifting,non-analytical: refusal to submit to sample collection,4-year suspension - loss of results,2017-07-14
"johnson, gea",cycling,modafinil,21-month suspension - loss of results,2017-07-07
"barnes, benjamin",weightlifting,gw1516,4-year suspension - loss of results,2017-06-30
"bayer, david",weightlifting,clomiphene and gw1516,2.5-year suspension - loss of results,2017-06-30
"sullivan, george",mixed martial arts,clomiphene and its metabolite,1-year suspension; second violation,2017-06-20
"gibilaro, ariel",archery,canrenone,public warning,2017-06-16
"dykes, kelly",weightlifting,ostarine,8-year suspension - loss of results; second violation,2017-06-08
"park, peter",paralympic track and field,androgenic anabolic steroid,21-month suspension - loss of results,2017-06-08
"nackoul, michael",weightlifting,non-analytical: possession (peptides),4-year suspension - loss of results,2017-06-02
"dosterschill, robert kyle",weightlifting,"androgenic anabolic steroid, amphetamine, drostanolone, mesterolone and dehydrochloromethyltestosterone (dhcmt)",4-year suspension - loss of results,2017-05-31
"moore, tyler",weightlifting,ostarine,4-year suspension - loss of results; sanction tolled due to retirement,2017-05-26
"creveling, chris",speedskating,clomiphene,4-year suspension - loss of results; sanction tolled due to retirement,2017-05-15
"young, jason",track and field,non-analytical: use and possession (peptides),4-year suspension - loss of results; sanction tolled due to retirement,2017-05-12
"gastelum, kelvin",mixed martial arts,cannabinoids,6-month suspension with 3-month deferral,2017-05-11
"gingras, michael",weightlifting - athlete support personnel,"non-analytical: possession, trafficking, and administration",lifetime suspension with reduction  to 12 years - loss of results; sanction tolled due to retirement,2017-05-11
"oliver, imani",track and field,ostarine,1-year suspension - loss of results,2017-05-09
"abreu, ricardo",mixed martial arts,androgenic anabolic steroid & 19-norandrosterone (19-na),4-year suspension: sanction is tolled until athlete returns from retirement. second violation.,2017-05-05
"moore, darien",track and field,methandienone,4-year suspension - loss of results,2017-05-04
"harvey, scot",cycling,non-analytical: refusal to submit to sample collection,4-year suspension - loss of results,2017-05-03
"nielson, cliff",track and field,non-analytical: use and possession (peptides),4-year suspension - loss of results,2017-05-02
"beckwith-ludlow, molly",track and field,clomiphene,public warning,2017-05-01
"mir, francisco",mixed martial arts,dehydrochloromethyltestosterone (dhcmt),2-year suspension,2017-04-21
"rollins, brianna",track and field,non-analytical: 3 whereabouts failures,1-year suspension - loss of results,2017-04-20
"geving, amanda",cycling,acetazolamide,12-month suspension - loss of results,2017-04-19
"schrodt, patrick ""dillon""",bobsled and skeleton,dimethylbutylamine (dmba),16-month suspension - loss of results,2017-04-06
"ledet, justin",mixed martial arts,1-testosterone and 1-androstenedione,4-month suspension,2017-04-05
"good, lyman",mixed martial arts,1-androstenedione and its metabolite,6-month suspension,2017-04-03
"nicolau pereira, matheus",mixed martial arts,anastrozole,1-year suspension,2017-03-29
"hall, mary",weightlifting,oxandrolone and its metabolite,4-year suspension - loss of results,2017-03-28
"pires nogueira, leonardo",brazilian jiu-jitsu,clomiphene,2-year suspension - loss of results,2017-03-27
"andrade, viscardi",mixed martial arts,stanozolol and its metabolites,2-year suspension,2017-03-21
"dykes, kelly",weightlifting,"clenbuterol, ostarine, and a tamoxifen metabolite",4-year suspension - loss of results,2017-03-16
"green, roderick","paralympic track and field, paralympic volleyball",ostarine,9-month suspension - loss of results,2017-03-14
"prenoveau, robert",paralympic curling,hydrochlorothiazide and chlorothiazide,public warning - loss of results,2017-03-07
"cosby-toruga, jessica",track and field,androgenic anabolic steroid,6-year suspension - loss of results; second violation; sanction tolled due to retirement,2017-03-06
"dawson, gabriel",weightlifting,amphetamine,4-year suspension - loss of results,2017-03-02
"lawlor, tom",mixed martial arts,ostarine,2-year suspension,2017-02-24
"pierik, vincent",weightlifting,"19-norandrosterone (19-na), drostanolone and its metabolites, and epitrenbolone",4-year suspension - loss of results,2017-02-21
"harper-nelson, dawn",track and field,hydrochlorothiazide,3-month suspension - loss of results,2017-02-07
"olivieri, luis felipe",mixed martial arts,methyltestosterone,2-year suspension,2017-01-25
"vrabel, andrew",weightlifting,non-analytical,4-year suspension - loss of results; sanction tolled due to retirement,2017-01-11
"chan, charis",weightlifting,epitrenbolone,4-year suspension - loss of results,2017-01-09
"matsushima, angelique",weightlifting,cannabinoids,6-month suspension with 3-month deferral - loss of results,2017-01-06
"lesnar, brock",mixed martial arts,clomiphene,1-year suspension,2017-01-04
"lamour, joseph",team handball,amphetamine,2-year suspension - loss of results,2016-12-22
"ferreira, carlos diego",mixed martial arts,ostarine and 7-keto-dhea,17-month suspension,2016-12-21
"mazzie, joseph",roller sports,rad140 and ibutamoren,4-year suspension - loss of results,2016-12-20
"hudson, ryan",weightlifting,stanozolol metabolites,4-year suspension - loss of results,2016-12-15
"mossberg, nick",track and field,non-analytical: use and possession (peptides),4-year suspension - loss of results; sanction tolled due to retirement,2016-12-14
"luton, thomas",cycling,"non-analytical: use and possession (epo, hgh, testosterone)",4-year suspension - loss of results,2016-12-13
"reyes, brandon",weightlifting,"1,3-dimethylbutylamine (dmba)",6-month suspension - loss of results,2016-12-07
"moore, nicole",weightlifting,"1,3-dimethylbutylamine (dmba)",6-month suspension - loss of results,2016-12-05
"pinney, ryan",paralympic cycling,androgenic anabolic steroid,18-month suspension - loss of results,2016-12-01
"machida, lyoto",mixed martial arts,7?keto?dhea,18-month suspension,2016-11-16
"sullivan, george",mixed martial arts,non-analytical: use (igf-1),1-year suspension,2016-11-08
"dunkum, michael",wrestling,non-analytical: use and possession (peptides),4-year suspension - loss of results; sanction tolled due to retirement,2016-11-07
"jones, jon",mixed martial arts,"clomiphene, letrozole",1-year suspension,2016-11-07
"bidlow, cody",track and field,non-analytical:: use (peptides),4-year suspension - loss of results,2016-11-03
"root, tim",cycling,non-analytical: failure to appear to sample collection,4-year suspension - loss of results,2016-11-02
"ulloa, camilo",cycling,androgenic anabolic steroid and methylphenidate,4-year suspension - loss of results,2016-10-26
"edilov, abdul-kerim",mixed martial arts,meldonium,15 month suspension - loss of results,2016-10-21
"danielson, tom",cycling,androgenic anabolic steroid,4-year suspension - loss of results; second violation,2016-10-06
"diaz, nate",mixed martial arts,cannabinoids,public warning,2016-10-06
"d'aurelio, shawn",cycling,non-analytical: refusal to submit to sample collection,4-year suspension - loss of results,2016-10-03
"kimmons, trell",track and field,"1,3-dimethylbutylamine",2-year suspension - loss of results,2016-09-27
"schwab, jeff",cycling,androgenic anabolic steroid,2-year suspension - loss of results,2016-09-08
"rivera, rizelyx",weightlifting,oxycodone,1-year suspension - loss of results,2016-09-06
"fagua raquira, ana milena",cycling,androgenic anabolic steroid,4-year suspension - loss of results,2016-09-01
"denney phillips, jessica","cycling, weightlifting",non-analytical: use (iv),14 month suspension - loss of results,2016-08-24
"baatz, robert",cycling,androgenic anabolic steroid,2-year suspension - loss of results,2016-08-23
"ciolli, kimberly",cycling,androgenic anabolic steroid and propylhexadrine,2-year suspension - loss of results,2016-08-22
"burka gameda, gebo",track and field,prednisone,18-month suspension - loss of results,2016-08-19
"verrando-higgins, mary",cycling,metabolites of methyltestosterone,1-year suspension - loss of results,2016-08-15
"riggs, crystal",weightlifting,furosemide,6-month suspension - loss of results,2016-08-12
"cawley, thomas",track and field,non-analytical: use,4-year suspension - loss of results; sanction tolled due to retirement,2016-08-11
"anderson, robert",paralympic judo,non-analytical: use (vilanterol),3-month suspension - loss of results,2016-08-04
"palmer, liz",track and field,methandienone metabolite,4-year suspension with 6 month reduction - loss of results,2016-08-03
"abreu, ricardo",mixed martial arts,androgenic anabolic steroid & 19-norandrosterone (19-na),2-year suspension - loss of results,2016-07-29
"bough, gino",karate,non-analytical: 3 whereabouts failures,1-year suspension - loss of results,2016-07-25
"mendes, chad",mixed martial arts,growth hormone-releasing hexapeptide,2-year suspension - loss of results,2016-07-20
"pizza, gregory",track and field,androgenic anabolic steroid,20-month suspension - loss of results,2016-07-20
"dutta, susan",equestrian,methylprednisolone,public warning - loss of results,2016-07-19
"howe, james",taekwondo,cannabinoids,6-month suspension with 3-month deferral - loss of results,2016-07-12
"brandt-sorenson, nick",cycling,"non-analytical: possession, trafficking and complicity  (epo & hgh)",lifetime suspension - loss of results; second & third violation,2016-07-11
"penn, bj",mixed martial arts,non-analytical: use (iv),6-month suspension,2016-06-27
"tierney, sam",swimming,non-analytical: use (vilanterol),public warning,2016-06-24
"berry, gwen",track and field,non-analytical: use (vilanterol),3-month suspension - loss of results,2016-06-13
"williams, nia",rugby,"19-norandrosterone (19-na), 19-noretiocholanolone, and drostanolone and its metabolites",4-year suspension - loss of results,2016-06-13
"means, tim",mixed martial arts,ostarine,6-month suspension - loss of results,2016-06-10
"brandao, diego",mixed martial arts,cannabinoids,9-month suspension - loss of results,2016-05-19
"faria, breno correina abrantes",brazilian jiu-jitsu - athlete support personnel,non-analytical,4-year suspension - loss of results,2016-05-18
"lehr, daniel",weightlifting,"androstenedione, ostarine",4-year suspension with 3-month reduction - loss of results,2016-05-02
"lugo, yamile",cycling,androgenic anabolic steroid,4-year suspension with 2-year reduction - loss of results,2016-04-26
"romero, yoel",mixed martial arts,ibutamoren,6-month suspension,2016-04-04
"de castroverde, landon",weightlifting,non-analytical: refusal to submit to sample collection,4-year suspension - loss of results,2016-04-01
"paulson, ashley",triathlon,ostarine,6-month suspension - loss of results,2016-03-31
"cho, chris hyun",weightlifting,dimethylbutylamine,6-month suspension - loss of results,2016-03-30
"buckley, michael",cycling,"androgenic anabolic steroid, anastrozole, lgd-4033 and ostarine",4-year suspension - loss of results,2016-03-25
"lo, wayne",paralympic table tennis,hydrochlorothiazide and chlorothiazide,public warning - loss of results,2016-03-09
"tibau, gleison",mixed martial arts,erythropoietin (epo),2-year suspension - loss of results,2016-02-18
"leeper, blake (patrick)",paralympic track and field,benzoylecgonine,1-year suspension - loss of results,2016-02-01
"kyle, cicely",weightlifting,androgenic anabolic steroid,2-year suspension - loss of results,2015-12-30
"roberto, joseph",weightlifting,ghrp-2,4-year suspension - loss of results,2015-12-29
"mariita, lilian",track and field,androgenic anabolic steroid,8-year suspension - loss of results,2015-12-28
"harbert, tara",baseball,tamoxifen and non-analytical: refusal to submit to sample collection,8-year suspension - loss of results; sanction tolled due to retirement,2015-12-21
"rolo, nelson",cycling,benzoylecgonine,1-year suspension - loss of results,2015-12-11
"hickman, todd",cycling,stanozolol / methylphenidate,4-year suspension - loss of results,2015-12-04
"filipovic, mirko",mixed martial arts,human growth hormone (hgh),2-year suspension - loss of results,2015-11-25
"arello jr., robert",track and field,"hydrochlorothiazide, chlorothiazide",public warning - loss of results,2015-10-27
"coushay, brian",track and field,amphetamine,2-year suspension - loss of results,2015-10-23
"mulwitz, lauren",cycling,cannabinoids,6-month suspension with 3-month deferral - loss of results,2015-09-11
"rybka, jason",weightlifting,"methasterone, ostarine, androstatrienedione",4-year suspension with 8 month reduction - loss of results,2015-08-18
"field, emily",ice hockey,non-analytical: 3 whereabouts failures,1-year suspension - loss of results,2015-06-08
"radcliffe, robert",triathlon,"non-analytical: use and possession (epo, hgh)",18-month suspension - loss of results,2015-06-05
"radcliffe, brook",triathlon,non-analytical: use and possession (epo),2-year suspension - loss of results,2015-06-04
"schmidt, kyle",cycling,non-analytical: use and possession (epo),2-year suspension - loss of results,2015-06-02
"pena, felipe",brazilian jiu-jitsu,androgenic anabolic steroid,2-year suspension with 1 year reduction - loss of results,2015-05-26
"luck, jonathan (carter)",cycling,non-analytical: use and possession (hgh & testosterone),12-month suspension - loss of results,2015-05-13
"mcgillivray, deanna",team handball,"trenbolone, epitrenbolone",2-year suspension - loss of results,2015-04-02
"mutinda, joseph",track and field,"19-norandrosterone, epo, furosemide",3-year suspension - loss of results,2015-03-25
"odesnik, wayne",tennis,"methenolone, androst-(2,3)-en-17-one, and ghrp-6",15-year suspension - loss of results,2015-03-18
"ketema asfaw, atalelech",track and field,ephedrine,2-year suspension - loss of results,2015-03-12
"leinders, geert",cycling - athlete support personnel,"non-analytical: possession, trafficking, and administration",lifetime suspension,2015-01-22
"north, jonathan",weightlifting,non-analytical: 3 whereabouts failures,2-year suspension - loss of results; sanction tolled due to retirement; unretired - eligible to compete starting 2/1/2019,2015-01-22
"poole, quintaveon",track and field,methylhexaneamine,6-month suspension - loss of results,2015-01-20
"anderson, kristi",track and field,androgenic anabolic steroid,1-year suspension - loss of results,2014-12-23
"mcpherson, inika",track and field,benzoylecgonine,21-month suspension - loss of results,2014-12-19
"drummond, jon",track and field - athlete support personnel,"non-analytical: possession, trafficking, and administration",8-year suspension,2014-12-17
"estima, braulio",brazilian jiu-jitsu,methylhexaneamine,2-year suspension - loss of results,2014-11-25
"carlin, nikki",weightlifting,"clenbuterol, and oxandrolone and its metabolite",2-year suspension - loss of results; sanction tolled due to a whereabouts compliance failure,2014-11-14
"perkins, ravaughn",wrestling,furosemide,6-month suspension - loss of results,2014-10-16
"erickson, sarah",ice hockey,non-analytical: 3 whereabouts failures,1-year suspension - loss of results,2014-10-13
"dana, ryan",weightlifting,androgenic anabolic steroid,21-month suspension - loss of results,2014-10-09
"o'hara, damian",judo,"methylclostebol, promagnon",1-year suspension - loss of results,2014-10-08
"spearmon, jr., wallace",track and field,methylprednisolone,3-month suspension - loss of results,2014-09-19
"martin, james",cycling,non-analytical: failure to appear to sample collection,2-year suspension - loss of results,2014-08-19
"loader, logan",cycling,methylhexaneamine,8-month suspension - loss of results; sanction tolled due to retirement,2014-07-16
"ives, kevin",bobsled and skeleton,non-analytical: 3 whereabouts failures,1-year suspension - loss of results,2014-07-08
"hicks, jeremy",track and field,non-analytical: 3 whereabouts failures,1-year suspension - loss of results,2014-06-20
"trojan, nicholas",rowing,methylphenidate and its metabolite,9-month suspension - loss of results,2014-06-11
"dixon, reginald",track and field,non-analytical: 3 whereabouts failures,1-year suspension - loss of results,2014-06-06
"blanc, obenson",wrestling,ostarine,2-year suspension - loss of results,2014-05-15
"robertson, todd",cycling,modafinil,8-year suspension - loss of results; second violation,2014-05-08
"gay, tyson",track and field,androgenic anabolic steroid,2-year suspension with 1 year reduction - loss of results,2014-05-02
"koon, paul",boxing,non-analytical: 3 whereabouts failures,2-year suspension - loss of results,2014-04-28
"davis, walter",track and field,non-analytical: 3 whereabouts failures,1-year suspension - loss of results,2014-04-21
"carnes, andrew",track and field,"non-analytical: possession, use and possession (epo)",2-year suspension - loss of results,2014-04-18
"lemos garcia, gabrielle",brazillian jiu-jitsu,clomiphene,loss of results,2014-03-26
"o'keefe, shannon",bowling,clomiphene,public warning,2014-03-14
"atkinson, annie",judo,"hydrochlorothiazide, chlorothiazide, triamterene, 4-hydroxytriamterene",3-month suspension - loss of results,2014-02-28
"perry, brett",speedskating,methylphenidate and its metabolite,9-month suspension - loss of results,2014-02-26
"beyene, hirut",track and field,methylhexaneamine,4 month suspension - loss of results,2014-02-21
"marte, cesar",cycling,modafinil,2-year suspension - loss of results,2014-02-03
"baker, daniel",cycling,androgenic anabolic steroid,2-year suspension - loss of results,2014-01-24
"robles, sarah",weightlifting,androgenic anabolic steroid,2-year suspension - loss of results,2014-01-14
"leduc, david",cycling,"androgenic anabolic steroid,  erythropoietin (epo) and amphetamine",2-year suspension - loss of results,2013-12-30
"klineman, alexandra",volleyball,androgenic anabolic steroid,13-month suspension - loss of results,2013-12-20
"akor, mary",track and field,clenbuterol,2-year suspension - loss of results,2013-12-18
"rogers, jason",cycling,methylhexaneamine,9-month suspension - loss of results,2013-11-27
"meeker, richard",cycling,19-norandrosterone (19-na) and 19-noretiocholanolone,2-year suspension - loss of results,2013-11-26
"morelli, shawn",paralympic cycling,methylhexaneamine,180 day suspension - loss of results,2013-11-15
"camarena-williams, jillian",track and field,clomiphene,6-month suspension - loss of results,2013-10-04
"crouse, camdin",paralympic track and field,amphetamine and methylhexaneamine,2-year suspension - loss of results; sanction extended due to a whereabouts compliance failure,2013-09-23
"walden, spencer",track and field,cannabinoids,6-month suspension with 3-month deferral - loss of results,2013-09-20
"bradley, dominique",wrestling,methylhexaneamine,8-month suspension - loss of results,2013-09-06
"aira, yoelkis",cycling,phentermine,2-year suspension - loss of results,2013-09-05
"ramos, don",weightlifting,androgenic anabolic steroid,2-year suspension - loss of results,2013-08-30
"flood, gregory",rowing,glycerol,public warning - loss of results,2013-08-20
"petrucci, frank",rowing,glycerol,public warning - loss of results,2013-08-20
"klier, andreas",cycling,"non-analytical: use (epo, hgh, cortisone, blood tranfusions)",6-month suspension - loss of results,2013-08-15
"dyer, kristopher",weightlifting,methylhexaneamine,9-month suspension - loss of results,2013-08-09
"wilhelm, brian",weightlifting,methylhexaneamine,9-month suspension - loss of results,2013-08-08
"teeple, sloan","cycling, triathlon",androgenic anabolic steroid,18-month suspension - loss of results,2013-06-28
"anwar, abdallah",paralympic boccia,hydrochlorothiazide and chlorothiazide,public warning,2013-06-20
"ostrowski, cameron",track and field,methylhexaneamine,2-year suspension with 1 year reduction - loss of results,2013-06-07
"downing, trey",track and field,non-analytical: refusal to submit to sample collection,18-month suspension - loss of results,2013-05-31
"flanagan, tyler",skiing and snowboarding,non-analytical: refusal to submit to sample collection,2-year suspension - loss of results; sanction tolled,2013-05-09
"pol rodriguez, yosmani",cycling,dexamethasone,2-year suspension - loss of results,2013-04-19
"crawford, shawn",track and field,non-analytical: 3 whereabouts failures,2-year suspension - loss of results,2013-04-18
"morales, erik",professional boxing,clenbuterol,2-year suspension - loss of results,2013-03-22
"hersey, mike",paralympic sailing,hydrochlorothiazide and chlorothiazide,public warning,2013-03-12
"wenzel, roger",track and field,androgenic anabolic steroid and modafinil,2-year suspension - loss of results,2013-03-08
"aldredge, graham",cycling,non-analytical: failure to appear to sample collection,16-month suspension - loss of results,2013-02-22
"jay-rayon, cyril",cycling,modafinil,18-month suspension - loss of results,2012-12-31
"hall, joseph",shooting,19-norandrosterone (19-na) and 19-noretiocholanolone,1-year suspension - loss of results,2012-12-21
"vessey, maggie",track and field,canrenone,public warning - loss of results,2012-12-21
"hesch, christian",track and field,non-analytical: use (epo),2-year suspension with 6 month reduction - loss of results,2012-12-14
"fretta, mark",triathlon,abp and non-analytical: use (epo),4-year suspension - loss of results,2012-11-09
"barry, michael",cycling,"non-analytical: use (epo, hgh, testosterone)",6-month suspension - loss of results,2012-10-10
"danielson, tom",cycling,"non-analytical: use (epo, hgh, testosterone, cortisone, blood transfusions)",6-month suspension - loss of results,2012-10-10
"hincapie, george",cycling,"non-analytical: use (epo, hgh, testosterone, blood transfusions)",6-month suspension - loss of results,2012-10-10
"leipheimer, levi",cycling,"non-analytical: use (epo, testosterone, blood transfusions)",6-month suspension - loss of results,2012-10-10
"vande velde, christian",cycling,"non-analytical: use (epo, hgh, testosterone, cortisone)",6-month suspension - loss of results,2012-10-10
"zabriskie, david",cycling,"non-analytical: use (epo, hgh, testosterone)",6-month suspension - loss of results,2012-10-10
"cruz, julio",cycling,methylhexaneamine,6-month suspension - loss of results,2012-09-14
"dunn anderson, debbie",track and field,androgenic anabolic steroid,2-year suspension - loss of results,2012-09-11
"guarini, gabriele",cycling,erythropoietin (epo),2-year suspension - loss of results,2012-09-07
"andrus, steven",wrestling,cannabinoids & amphetamine,1-year suspension - loss of results,2012-08-31
"lopez, cesar",cycling,cannabinoids,3-month suspension with 3-month deferral - loss of results,2012-08-31
"armstrong, lance",cycling,"non-analytical: use, possession, trafficking, administration and complicity",lifetime suspension - loss of results,2012-08-24
"bascio, monica","paralympic nordic skiing, paralympic cycling",tuaminoheptane,3-month suspension - loss of results,2012-08-15
"brown, matthew",paralympic track and field,hydrochlorothiazide & chlorothiazide,1-year suspension - loss of results; second violation,2012-08-03
"anthony, david",cycling,erythropoietin (epo),2-year suspension - loss of results,2012-07-25
"fletcher, mark",judo,cannabinoids,3-month suspension - loss of results,2012-07-18
"gilbert, joshua",weightlifting,furosemide and non-analytical: refusal to submit to sample collection,3-year suspension - loss of results,2012-07-17
"ferrari, michele",cycling - athlete support personnel,non-analytical,lifetime suspension,2012-07-10
"solo, hope",soccer,canrenone,public warning,2012-07-09
"lee, stephany",wrestling,cannabinoids,1-year suspension - loss of results; second violation,2012-06-28
"madsen, angela","paralympic track and field, paralympic rowing",fentanyl,public warning - loss of results,2012-06-22
"stacy, shelby",cycling,methylhexaneamine,6-month suspension - loss of results,2012-06-16
"shields, jerry",paralympic archery,"hydrochlorothiazide, chlorothiazide, triamterene and labetalol",public warning - loss of results,2012-04-27
"lock, jane",judo,non-analytical: 3 whereabouts failures,2-year suspension - loss of results,2012-04-20
"mendes, patrick",weightlifting,human growth hormone (hgh),2-year suspension - loss of results,2012-04-16
"kochem, matt",rowing,non-analytical: 3 whereabouts failures,1-year suspension - loss of results,2012-04-13
"robertson, todd",cycling,erythropoietin (epo),2-year suspension with 9 month reduction - loss of results,2012-03-30
"rodgers, michael",track and field,methylhexaneamine,9-month suspension - loss of results,2012-03-01
"thompson, lenroy",boxing,non-analytical: 3 whereabouts failures,1-year suspension - loss of results,2012-02-26
"arias, luis",boxing,non-analytical: 3 whereabouts failures,1-year suspension - loss of results,2012-02-24
"brandt-sorenson, nick",cycling,efaproxiral,2-year suspension - loss of results,2012-01-13
"bates, jessie",taekwondo,methylhexaneamine,1-year suspension with 2-month reduction - loss of results,2011-12-05
"allen, damon",boxing,furosemide,6-month suspension - loss of results,2011-11-29
"spuehler, pamela",field hockey,canrenone,2-month suspension - loss of results,2011-11-23
"diamond, michael",cycling,non-analytical: refusal to submit to sample collection,2-year suspension - loss of results,2011-11-18
"tadd, nathaniel",taekwondo,methylhexaneamine,2-year suspension - loss of results; sanction was tolled due to whereabouts compliance failure,2011-11-17
"kieser, frederic",track and field,methylhexaneamine,8-month suspension - loss of results,2011-10-27
"miller, michael",cycling,methylhexaneamine,8 month suspension - loss of results,2011-10-26
"duhon, byron",track and field,non-analytical: refusal to submit to sample collection,2-year suspension - loss of results,2011-10-25
"papp, joseph",cycling,non-analytical: distributing,lifetime suspension with reduction to 8-year suspension - loss of results; second violation,2011-10-21
"jager, kathleen",track and field,androgenic anabolic steroid,2-year suspension - loss of results,2011-10-18
"hunter, michael",boxing,cannabinoids,3-month suspension with 3-month deferral - loss of results,2011-10-11
"lorenz, john",wrestling,clomiphene,2-year suspension - loss of results,2011-10-10
"dibuono, matthew",track and field,androgenic anabolic steroid,4-year suspension - loss of results,2011-10-07
"hernandez, roger",cycling,non-analytical: refusal to submit to sample collection,2-year suspension - loss of results,2011-10-06
"shumaker, stephen",track and field,androgenic anabolic steroid,2-year suspension - loss of results,2011-09-30
"clinger, david",cycling,clenbuterol,lifetime suspension - loss of results; second violation,2011-08-12
"dodson, amy","paralympic track and field, paralympic triathlon",oxilofrine,6-month suspension - loss of results,2011-07-22
"brown, matthew",paralympic track and field,cannabinoids,3-month suspension with 3-month deferral - loss of results,2011-07-18
"webster, joshua",cycling,methylhexaneamine & phenpromethamine,2-year suspension - loss of results,2011-07-15
"reis, fernando",weightlifting,methylhexaneamine,6-month suspension - loss of results,2011-07-14
"quintero, lisban",cycling,19-norandrosterone (19-na) and 19-noretiocholanolone,2-year suspension - loss of results,2011-07-01
"jones, harrison",diving,cannabinoids,1-year suspension - loss of results,2011-06-17
"zajicek, philip",cycling,non-analytical: purchase (epo),lifetime suspension - loss of results; second violation,2011-06-10
"nguyen, jonathan",taekwondo,methylhexaneamine,6-month suspension - loss of results,2011-05-27
"freeman, thomas",track and field,cannabinoids,1-year suspension - loss of results; second violation,2011-05-26
"cannell, peter",cycling,drostanolone,2-year suspension - loss of results,2011-04-08
"tilin, andrew",cycling,non-analytical: use (testosterone & dhea),2-year suspension - loss of results,2011-04-01
"block, mark",track and field - athlete support personnel,non-anatlyical: administration and trafficking,10 year suspension,2011-03-17
"coyle, chuck",cycling,"non-analytical: possession, use and possession (epo, igf-1)",2-year suspension - loss of results,2010-11-24
"schubel, neal",cycling,"non-analytical: purchase, possession and use (epo)",2-year suspension - loss of results,2010-11-24
"clay, ramon",track and field,non-analytical: use and possession,2-year suspension - loss of results,2010-10-22
"merritt, lashawn",track and field,androgenic anabolic steroid,21-month suspension - loss of results,2010-10-18
"o'bee, kirk",cycling,erythropoietin (epo),lifetime - loss of results; second violation,2010-10-06
"mahoney, sean",swimming,methylhexaneamine,6-month suspension - loss of results,2010-10-01
"chodroff, jonathan",cycling,non-analytical: use and possession (epo),2-year suspension - loss of results,2010-09-17
"goff, tyler",speedskating,non-analytical: 3 whereabouts failures,1-year suspension - loss of results,2010-09-13
"dickey, duane",cycling,"non-analytical: refusal to submit to sample collection, possession and use (epo)",lifetime suspension - loss of results,2010-09-10
"lukezic, chris",track and field,non-analytical: refusal to submit to sample collection,2-year suspension - loss of results,2010-09-02
"jelks, mark",track and field,non-analytical: 3 whereabouts failures,2-year suspension - loss of results,2010-08-30
"barnette, brandon",roller sports,non-analytical: 3 whereabouts failures,1-year suspension - loss of results,2010-08-25
"wilmoth, joel",paralympic rugby,non-analytical: refusal to submit to sample collection,2-year suspension - loss of results,2010-08-09
"devine, matthew",weightlifting,androgenic anabolic steroid,2-year suspension - loss of results,2010-07-16
"stewart, raymond",track and field - athlete support personnel,non-analytical: trafficking and administering,lifetime suspension,2010-06-28
"cochran, jerren",boxing,furosemide,2-year suspension - loss of results,2010-06-11
"gomez, jesus",boxing,non-analytical: refusal to submit to sample collection,2-year suspension - loss of results,2010-06-10
"cosby-toruga, jessica",track and field,hydrochlorothiazide & chlorothiazide,4 month suspension - loss of results,2010-05-10
"jones, randy",bobsled and skeleton,non-analytical: refusal to submit to sample collection,2-year suspension - loss of results,2010-04-26
"jones, harrison",diving,cannabinoids,3-month suspension with 3-month deferral - loss of results,2010-04-13
"zirbel, tom",cycling,androgenic anabolic steroid,2-year sanction with 30% reduction - loss of results,2010-04-02
"clinger, david",cycling,androgenic anabolic steroid and modafinil,2-year suspension - loss of results,2010-03-19
"barnwell, val",track and field,testosterone prohormones,2-year suspension - loss of results,2010-03-03
"ross, duane",track and field,non-analytical positive,2-year suspension - loss of results,2010-02-05
"cox, crystal",track and field,non-analytical: use,4-year suspension - loss of results; second violation,2010-01-29
"ellenwood, garfield",track and field,non-analytical,2-year suspension - loss of results,2010-01-28
"o'neil, joshua",judo,methylphenidate metabolite ritalinic acid,2-year suspension - loss of results,2009-12-17
"williams, kenneth",cycling,androgenic anabolic steroid,2-year suspension - loss of results  suspension extended 103 days,2009-12-03
"comardo, mitch",cycling,"tamoxifen and its metabolite, anastrozole, letrozole, human chorionic gonadotrophin (hcg), and clomiphene",2-year suspension - loss of results,2009-10-06
"manning, joy",team handball,cannabinoids,2-year suspension - loss of results,2009-09-07
"hamilton, tyler",cycling,androgenic anabolic steroid,8-year suspension - loss of results; second violation,2009-06-16
"lee, stephany",wrestling,cannabinoids,3-month suspension with 3-month deferral - loss of results,2009-05-13
"freeman, thomas",track and field,cannabinoids,3-month suspension with 3-month deferral - loss of results,2009-04-16
"burns, samuel",rowing,non-analytical: refusal to submit to sample collection,2-year suspension - loss of results,2009-04-10
"vaden, jordan",track and field,stanozolol metabolites,2-year suspension - loss of results,2009-02-06
"sagmeister, leann",paralympic track and field,non-analytical: refusal to submit to sample collection,2-year suspension - loss of results,2009-01-29
"pope, mitchell",track and field,boldenone metabolite,2-year suspension - loss of results,2009-01-23
"leogrande, kayle",cycling,non-analytical: use (epo),2-year suspension - loss of results,2008-12-01
"graham, trevor",track and field - athlete support personnel,non-analytical,lifetime suspension,2008-07-15
"alfred, stephen",cycling,non-analytical: refusal to submit to sample collection,lifetime suspension; third violation,2008-02-05
"bell, kenwood (kenta)",track and field,methylprednisolone,3-month suspension with 3-month deferral - loss of results,2007-07-30
"papp, joseph",cycling,non-analytical positive,2-year suspension - loss of results,2007-05-25
"korchemny, remi",track and field - athlete support personnel,non-analytical,lifetime suspension,2007-03-12
"alfred, stephen",cycling,androgenic anabolic steroid & human chorionic gonadotrophin (hcg),8-year suspension - loss of results,2007-02-02
"hamilton, tyler","cycling, triathlon",blood transfusion,2-year suspension - loss of results,2006-02-11
"zajicek, philip",cycling,cathine (norpseudoephedrine),public warning - loss of results,2004-10-13
"cox, crystal",track and field,ephedrine,public warning - loss of results,2002-10-17
"dickey, duane",cycling,"phentermine, boldenone and nandrolone",1-year suspension - loss of results,2002-08-30
"o'bee, kirk",cycling,elevated t/e,1-year suspension - loss of results,2002-07-18
"dees, tony",track and field,19-norandrosterone (19-na)and 19-noretiocholanolone,lifetime suspension - loss of results; second violation,2001-09-17
"prempeh, ernest",weightlifting,"dhcmt, androgenic anabolic steroids; non-analytical: violation of period of ineligibility",4-year suspension; loss of results; sanction tolled due to retirement; additional 4-year suspension,2022-02-04
"ngetich, eliud",track and field,nandrolone,1-year suspension; loss of results,2022-01-25
"gehm, zach",track and field,"1,4‐dimethylpentylamine (1,4‐dmpa)",2-year suspension; loss of results; additional 3 months of suspension,2021-05-17
"hudson, ryan",weightlifting,dehydrochloromethyltestosterone (dhcmt),8-year suspension; loss of results,2020-11-04
"paparella, flavia",cycling,vilanterol,6-month suspension; loss of results - sanction reduced,2021-01-05
"murdock, vince",mixed martial arts,gw1516,20-month suspension - sanction reduced,2020-08-26
"rante, danielle",weightlifting,19-norandrosterone (19-na),4-year suspension; loss of results - sanction reduced,2022-11-03
"werdum, fabricio",mixed martial arts,trenbolone,2-year suspension - sanction reduced,2020-01-16
"jones, stirley",paralympic track and field,stanozolol,4-year suspension; loss of results,2019-12-16
"hay, amy",weightlifting,ostarine,2-year suspension; loss of results; sanction reduced; unretired - eligible to compete starting 07/25/2020,2019-12-16
"orbon, joane",karate,lgd-4033,9-month suspension; loss of results,2019-09-10
"ribas, amanda",mixed martial arts,ostarine,2-year suspension - sanction reduced,2019-05-03
"saccente, nicholas",weightlifting,androgenic anabolic steroid; boldenone,4-year suspension - loss of results; additional 4 months of suspension - loss of results; sanction tolled due to retirement,2018-12-11
"miyao, paulo",brazilian jiu-jitsu,clomiphene,2-year suspension - loss of results; additional 3 months of suspension - loss of results,2018-11-27
"garcia del moral, luis",cycling - athlete support personnel,non-analytical,5-year suspension,2018-10-26
"bruyneel, johan",cycling - athlete support personnel,non-analytical: administration and trafficking,lifetime suspension,2018-10-24
"celaya lazama, pedro",cycling - athlete support personnel,non-analytical,lifetime suspension,2018-10-24
"marti, jose",cycling - athlete support personnel,non-analytical,15-year suspension,2018-10-24
"moffett, shaun",cycling,testosterone and clomiphene; non-analytical: violation of period of ineligibility,21-month suspension - loss of results; additional 3 months of suspension - loss of results,2018-10-19
"hunter, adam",mixed martial arts,"tamoxifen; boldenone, methandienone, drostanolone, and clenbuterol",2-year suspension - loss of results - additional loss of results,2018-09-26
"bailey, ryan","bobsled and skeleton, track and field","1,3-dimethylbutylamine (dmba)",2-year suspension with 161 day credit - loss of results,2017-12-01
"thomas, tammy",cycling,norbolethone,lifetime ban - loss of results - sanction reduced,2017-02-13
"tovar, oscar",cycling,androgenic anabolic steroid,2-year suspension - loss of results - additional results disqualified,2016-10-04
"fischbach, dylan",paralympic basketball,non-analytical: refusal to submit to sample collection,2-year suspension - loss of results - additional results disqualified,2016-04-11
"lea, robert",cycling,noroxycodone,6-month suspension - loss of results,2016-02-25
"trafeh, mohamed",track and field,"non-analytical: use and possession (epo), and evading sample collection",4-year suspension - loss of results,2015-08-25
"dotti, juan pablo",cycling,androgenic anabolic steroid & amphetamine,2-year suspension - loss of results;  2-year suspension restarted - loss of results,2013-06-05
"oliveira, flavia",cycling,oxilofrine,18-month suspension - loss of results,2010-12-10
"young, jerome",track and field,erythropoietin (epo) and non-analytical: use (epo & hgh),lifetime suspension - loss of results,2008-06-17
