athlete,sport,substance_reason,sanction_terms,sanction_date,support_personnel,multiple_sports,paralympic
"montañez barroso, elias",cycling,non-analytical: refusal to submit to sample collection,4-year suspension; loss of results,2023-01-10,FALSE,FALSE,FALSE
"ruiz-gutierrez, noslen",cycling,dexamethasone; phentermine; 19-noretiocholanolone (19-ne); 19-norandrosterone (19-na); anabolic agent,4-year suspension; loss of results,2023-01-04,FALSE,FALSE,FALSE
"roberts, gil",track & field,andarine; ostarine,16-month suspension; loss of results,2022-12-08,FALSE,FALSE,FALSE
"andrew, sidney",cycling,5-methylhexan-2-amine,12-month suspension; loss of results,2022-12-05,FALSE,FALSE,FALSE
"rodriguez ocasio, christian",weightlifting,heptaminol; octodrine,12-month suspension; loss of results,2022-11-30,FALSE,FALSE,FALSE
"scherf, lindsey",track & field,androgenic anabolic steroid,4-year suspension; loss of results,2022-11-29,FALSE,FALSE,FALSE
"mead, hassan",track & field,ostarine; lgd-4033,3-year suspension; loss of results,2022-11-29,FALSE,FALSE,FALSE
"evans, aja",bobsled,non-analytical: refusal to submit to sample collection,2-year suspension; loss of results,2022-11-18,FALSE,FALSE,FALSE
"scantling, garrett",track & field,non-analytical: 3 whereabouts failures; tampering,3-year suspension; loss of results,2022-11-18,FALSE,FALSE,FALSE
"provisor, ben",wrestling,amphetamine,16-month suspension; loss of results,2022-11-15,FALSE,FALSE,FALSE
"skoog, arika",boxing,furosemide,1-year suspension; loss of results,2022-10-26,FALSE,FALSE,FALSE
"navarrete, rene",weightlifting,cannabinoids,3-month suspension; loss of results,2022-10-14,FALSE,FALSE,FALSE
"green, bobby",mixed martial arts,dehydroepiandrosterone (dhea),6-month suspension,2022-10-07,FALSE,FALSE,FALSE
"guimarães, catarina",para track & field,non-analytical: use (intravenous infusion),public warning,2022-10-05,FALSE,FALSE,TRUE
"bringas, joshua",weightlifting,"heptaminol; ibutamoren, oxilofrine; gw1516",3-year suspension; loss of results,2022-09-26,FALSE,FALSE,FALSE
"zaleski dos santos, elizeu",mixed martial arts,ostarine,1-year suspension,2022-09-22,FALSE,FALSE,FALSE
"ray, olivia",cycling,"human growth hormone (hgh), clenbuterol, and oxandrolone; non-analytical: possession",30-month suspension; loss of results,2022-09-22,FALSE,FALSE,FALSE
"browne, richard",para track & field,cannabinoids,3-month suspension; loss of results,2022-09-07,FALSE,FALSE,TRUE
"hearn, timothy",weightlifting,19-norandrosterone (19-na); trenbolone; clomiphene; gw1516; non-analytical: use (iv and blood transfusion),3-year suspension; loss of results,2022-09-06,FALSE,FALSE,FALSE
"trujillo, nelson",cycling,non-analytical: refusal to submit to sample collection,12-year suspension; loss of results,2022-09-02,FALSE,FALSE,FALSE
"jordan, clint",weightlifting,anabolic agent,4-year suspension; loss of results,2022-09-01,FALSE,FALSE,FALSE
"coleman, ellis",wrestling,dehydroepiandrosterone (dhea),24-month suspension; loss of results,2022-08-31,FALSE,FALSE,FALSE
"walker, gregory",para track & field,cannabinoids,3-month suspension; loss of results,2022-08-16,FALSE,FALSE,TRUE
"hattingh, riekert",rugby,tamoxifen,6-month suspension; loss of results,2022-08-11,FALSE,FALSE,FALSE
"nash, jackson ""huntley""",cycling,non-analytical: possession and use/attempted use; tampering/attempted tampering; trafficking/attempted trafficking; administration/attempted administration; complicity/attempted complicity; retaliation,lifetime suspension; loss of results,2022-08-10,FALSE,FALSE,FALSE
"howes, lucas",cycling,cannabinoids,3-month suspension; loss of results,2022-08-05,FALSE,FALSE,FALSE
"johns, miles",mixed martial arts,adderall,public warning,2022-07-21,FALSE,FALSE,FALSE
"struxness, wyatt",boccia,furosemide,public warning,2022-07-07,FALSE,FALSE,FALSE
"pena, felipe",brazilian jiu-jitsu,clomiphene,1-year suspension; loss  of results,2022-06-16,FALSE,FALSE,FALSE
"allen, sabina",track & field,phentermine; lgd-4033,4-year suspension; loss of results,2022-06-09,FALSE,FALSE,FALSE
"monastyrskyi, andrii",canoe,meldonium,3-year suspension; loss of results,2022-06-02,FALSE,FALSE,FALSE
"kynard, erik",track & field,non-analytical: use (iv),6-month suspension,2022-05-27,FALSE,FALSE,FALSE
"evans-smith, ashlee",mixed martial arts,dehydroepiandrosterone (dhea),14-month suspension,2022-05-16,FALSE,FALSE,FALSE
"blanchfield, erin",mixed martial arts,spironolactone,public warning,2022-05-13,FALSE,FALSE,FALSE
"downing, tricia",para shooting,androgenic anabolic steroid,2-year suspension,2022-05-09,FALSE,FALSE,TRUE
"irizarry, ana",track & field,meldonium,3-year suspension; loss of results,2022-05-04,FALSE,FALSE,FALSE
"valdes, hanncer",cycling,stanozolol,4-year suspension; loss of results,2022-04-28,FALSE,FALSE,FALSE
"graham, taylor",wheelchair tennis,non-analytical: refusal to submit to sample collection,4-year suspension; loss of results,2022-04-27,FALSE,FALSE,FALSE
"borrego lee, geony",cycling,phentermine,3-year suspension; loss of results,2022-04-20,FALSE,FALSE,FALSE
"gormley, isabel",swimming,non-analytical: 3 whereabouts failures,1-year suspension; loss of results,2022-04-19,FALSE,FALSE,FALSE
"mckay, dryden",ice hockey,ostarine,6-month suspension; loss of results,2022-04-18,FALSE,FALSE,FALSE
"summerhill, daniel",cycling,amphetamine,1-year suspension; loss of results,2022-03-31,FALSE,FALSE,FALSE
"abers, brian",cycling,ibutamoren,1-year suspension; loss of results,2022-03-18,FALSE,FALSE,FALSE
"palmer, ahje",weightlifting,cannabinoids,1-month suspension; loss of results,2022-03-11,FALSE,FALSE,FALSE
"lazishvili, zviad",mixed martial arts,clomiphene,10-month suspension,2022-02-23,FALSE,FALSE,FALSE
"chavez, bernabe",weightlifting,"non-analytical: tampering, complicity",4-year suspension,2022-02-04,FALSE,FALSE,FALSE
"wilson, ian",weightlifting,stanozolol; drostanolone,3-year suspension; loss of results,2022-02-03,FALSE,FALSE,FALSE
"prazeres, michel",mixed martial arts,clomiphene; oxandrolone; androgenic anabolic steroid,4-year suspension,2021-12-23,FALSE,FALSE,FALSE
"bowlby, grace",ice hockey,spironolactone,public warning,2021-12-16,FALSE,FALSE,FALSE
"lampkin, trey",paralympic judo,hydrochlorothiazide (hctz),public warning,2021-12-07,FALSE,FALSE,TRUE
"wethington, madeline",ice hockey,spironolactone,public warning,2021-12-06,FALSE,FALSE,FALSE
"adel, jordan",weightlifting,ostarine; lgd-4033; ibutamoren,3-year suspension; loss of results,2021-11-30,FALSE,FALSE,FALSE
"webb, noah",triathlon,androgenic anabolic steroid,4-year suspension; loss of results,2021-11-29,FALSE,FALSE,FALSE
"benoit, ryan",mixed martial arts,modafinil,10-month suspension,2021-11-08,FALSE,FALSE,FALSE
"tran, hillary",weightlifting,cocaine; d-methamphetamine,1-year suspension; loss of results,2021-10-28,FALSE,FALSE,FALSE
"daniels, jamaal",paralympic track & field,non-analytical: administration; tampering,4-year suspension,2021-10-21,FALSE,FALSE,TRUE
"jackson, desmond",paralympic track & field,dehydroepiandrosterone (dhea),14-month suspension; loss of results,2021-10-21,FALSE,FALSE,TRUE
"augusto de freitas, geraldo",mixed martial arts,androgenic anabolic steroid,2-year suspension,2021-10-13,FALSE,FALSE,FALSE
"mcwhirter, matt",cycling,androgenic anabolic steroid,4-year suspension; loss of results,2021-09-30,FALSE,FALSE,FALSE
"lacoste, jacob",weightlifting,clomiphene; 19-norandrosterone (19-na),3-year suspension; loss of results,2021-09-29,FALSE,FALSE,FALSE
"bontorin, rogerio",mixed martial arts,hydrochlorothiazide (hctz),3-month suspension,2021-09-29,FALSE,FALSE,FALSE
"prince, mcaben",cycling,androgenic anabolic steroid,4-year suspension; loss of results,2021-09-14,FALSE,FALSE,FALSE
"butterworth, andrew",weightlifting,non-analytical: refusal to submit to sample collection,7-year suspension; loss of results; sanction tolled due to retirement,2021-09-10,FALSE,FALSE,FALSE
"shakirova, liliya",mixed martial arts,meldonium,2-year suspension,2021-08-30,FALSE,FALSE,FALSE
"buckley, christian",weightlifting,ostarine,3-year suspension - loss of results,2021-08-25,FALSE,FALSE,FALSE
"compton, katherine",cycling,androgenic anabolic steroid,4-year suspension; loss of results,2021-08-11,FALSE,FALSE,FALSE
"hancock, regina",weightlifting,stanozolol,4-year suspension; loss of results,2021-08-11,FALSE,FALSE,FALSE
"storie, logan",pentathlon,ostarine; lgd‐4033; gw1516,6-year suspension; second violation - sanction was tolled due to retirement; unretired so is eligible to compete starting 12/31/2026,2021-08-06,FALSE,FALSE,FALSE
"alvis, juancamilo ronderos",mixed martial arts,cocaine,1-month suspension,2021-07-29,FALSE,FALSE,FALSE
"richardson, sha'carri",track & field,cannabinoids,1-month suspension; loss of results,2021-07-02,FALSE,FALSE,FALSE
"nelson, james",weightlifting,dehydrochloromethyltestosterone (dhcmt),4-year suspension; loss of results,2021-07-01,FALSE,FALSE,FALSE
"prince, david",paralympic track & field,ostarine; lgd‐4033,12-month suspension; loss of results,2021-06-29,FALSE,FALSE,TRUE
"koch, erik",mixed martial arts,stanozolol,18-month suspension,2021-06-16,FALSE,FALSE,FALSE
"sisson, josh",paralympic judo,non-analytical: refusal to submit to sample collection,4-year suspension; loss of results,2021-06-16,FALSE,FALSE,TRUE
"gallardo, luis",weightlifting,oxymetholone; dehydrochloromethyltestosterone (dhcmt); arimistane; torasemide,4-year suspension; loss of results,2021-06-03,FALSE,FALSE,FALSE
"montgomery, kahmari",track & field,cannabinoids,1-month suspension; loss of results,2021-06-03,FALSE,FALSE,FALSE
"pearson, keir",rowing,non-analytical: possession and use/attempted use; administration (lgd-4033),lifetime suspension,2021-05-13,FALSE,FALSE,FALSE
"piechota, oskar",mixed martial arts,growth hormone releasing peptide 2 (ghrp-2),22-month suspension,2021-05-05,FALSE,FALSE,FALSE
"pessoa nunes, raphael",mixed martial arts,hydrochlorothiazide (hctz); possession and use/attempted use; evading sample collection,2-year suspension,2021-05-03,FALSE,FALSE,FALSE
"jackson, tate",swimming,cannabinoids,1-month suspension; loss of results,2021-04-29,FALSE,FALSE,FALSE
"koehly, rebekah",weightlifting,testosterone,20-month suspension; loss of results,2021-04-28,FALSE,FALSE,FALSE
"aivazian, vahe",cycling,testosterone;	nandrolone; 	dehydroepiandrosterone (dhea); 	somatropin (hgh); ipamorelin; 	ghrp-6; cjc-1295;  igf-1; human chorionic gonadotropin (hcg); anastrozole,4-year suspension; loss of results,2021-04-15,FALSE,FALSE,FALSE
"igbokwe, obichukwu",track & field,dehydrochloromethyltestosterone (dhcmt),30-month suspension; loss of results,2021-04-08,FALSE,FALSE,FALSE
"burkett, richard",paralympic archery,testosterone,15-month suspension; loss of results,2021-04-05,FALSE,FALSE,TRUE
"ellis, james",weightlifting,cannabinoids,6-month suspension; loss of results,2021-03-05,FALSE,FALSE,FALSE
"thomas, lorenzo",rugby,gw1516,4-year suspension; loss of results,2021-03-04,FALSE,FALSE,FALSE
"azaitar, abu",mixed martial arts,tamoxifen,7-month suspension,2021-02-01,FALSE,FALSE,FALSE
"pennington, raquel",mixed martial arts,7-keto-dhea; aod-9064,6-month suspension,2021-01-28,FALSE,FALSE,FALSE
"ewell, andre",mixed martial arts,ostarine,public warning,2021-01-19,FALSE,FALSE,FALSE
"santanna, eduarda neves",mixed martial arts,lgd-4033,1-year suspension,2021-01-15,FALSE,FALSE,FALSE
"castro, vinicius moreira",mixed martial arts,anastrozole,public warning,2021-01-15,FALSE,FALSE,FALSE
"hisaka, scott",weightlifting,non-analytical: possession and use/attempted use,4-year suspension; loss of results,2021-01-05,FALSE,FALSE,FALSE
"blocker, jasmine",track & field,spironolactone,public warning,2020-12-28,FALSE,FALSE,FALSE
"munsell, megan",weightlifting,gw1516,4-year suspension; loss of results,2020-12-22,FALSE,FALSE,FALSE
"williams, susanne",weightlifting,ostarine,4-year suspension; loss of results,2020-12-16,FALSE,FALSE,FALSE
"pelegrin, robert",cycling,anastrozole,1-year suspension; loss of results,2020-12-09,FALSE,FALSE,FALSE
"lewis-parry, chi",mixed martial arts,drostanolone; stanozolol; dehydrochloromethyltestosterone (dhcmt); tampering,4-year suspension,2020-12-04,FALSE,FALSE,FALSE
"barriault, marc-andre",mixed martial arts,ostarine,6-month suspension,2020-12-04,FALSE,FALSE,FALSE
"rodriguez, yair",mixed martial arts,3 whereabouts failures,6-month suspension,2020-12-03,FALSE,FALSE,FALSE
"mclaughlin, anthony",weightlifting,non-analytical: possession and use/attempted use,4-year suspension; loss of results,2020-11-30,FALSE,FALSE,FALSE
"pessoa nunes, raphael",mixed martial arts,hydrochlorothiazide (hctz),1-year suspension,2020-11-23,FALSE,FALSE,FALSE
"fiechter, olivia",squash,spironolactone,public warning,2020-11-20,FALSE,FALSE,FALSE
"ronson, jesse",mixed martial arts,metandienone,20-month suspension,2020-11-18,FALSE,FALSE,FALSE
"hipona, alissandra",weightlifting,non-analytical: possession and use/attempted use,2-year suspension; loss of results,2020-11-09,FALSE,FALSE,FALSE
"bey, kamal",wrestling,non-analytical: 3 whereabouts failures,1-year suspension; loss of results,2020-10-30,FALSE,FALSE,FALSE
"sherman, chase",mixed martial arts,anastrozole,9-month suspension,2020-10-20,FALSE,FALSE,FALSE
"martin, jeff",cycling,androgenic anabolic steroid,2-year suspension; loss of results,2020-10-01,FALSE,FALSE,FALSE
"millican, morgan",weightlifting,clomiphene,2-year suspension; loss of results,2020-09-29,FALSE,FALSE,FALSE
"harroufi, ridouane",track & field,androgenic anabolic steroid,8-year suspension; loss of results,2020-09-24,FALSE,FALSE,FALSE
"fritzen procopio, lara",mixed martial arts,ostarine,6-month suspension,2020-09-21,FALSE,FALSE,FALSE
"mccullough, matthew",weightlifting,higenamine,20-month suspension; loss of results,2020-09-17,FALSE,FALSE,FALSE
"gonzalez villa, jorge",mixed martial arts,stanozolol; drostanolone,2-year suspension,2020-09-11,FALSE,FALSE,FALSE
"wood, jonathan",cycling,androgenic anabolic steroid,2-year suspension;  loss of results,2020-09-09,FALSE,FALSE,FALSE
"parlor, tiffany",weightlifting,non-analytical: possession and use/attempted use,4-year suspension; loss of results,2020-09-08,FALSE,FALSE,FALSE
"fix, daton",wrestling,ostarine,1-year suspension; loss of results,2020-09-08,FALSE,FALSE,FALSE
"doskalchuk, oleksandr",mixed martial arts,mesterolone,14-month suspension,2020-09-02,FALSE,FALSE,FALSE
"gicquel, barbara",cycling,methyltestosterone,1-year suspension; loss of results,2020-08-14,FALSE,FALSE,FALSE
"dombrovskiy, vladyslav",wrestling,non-analytical: possession and use/attempted use; refusal to submit to sample collection,4-year suspension; loss of results,2020-07-28,FALSE,FALSE,FALSE
"melendez, gilbert",mixed martial arts,ghrp-6,2-year suspension,2020-07-27,FALSE,FALSE,FALSE
"woolsey, taff",weightlifting,non-analytical: possession (exemestane),2-year suspension; loss of results,2020-07-22,FALSE,FALSE,FALSE
"castille, kevin",track & field,19-norandrosterone (19-na),4-year suspension; loss of results,2020-07-16,FALSE,FALSE,FALSE
"prusmack, jeff",weightlifting,non-analytical: possession and use/attempted use,4-year suspension; loss of results,2020-07-02,FALSE,FALSE,FALSE
"alonso, leynier",cycling,phentermine,4-year suspension; loss of results,2020-06-30,FALSE,FALSE,FALSE
"arruda da silva, bruno",mixed martial arts,boldenone,2-year suspension,2020-06-22,FALSE,FALSE,FALSE
"ostovich-berdon, rachael",mixed martial arts,ostarine; gw1516,1-year suspension,2020-06-18,FALSE,FALSE,FALSE
"glanville, justin",weightlifting,non-analytical: possession and use/attempted use,4-year suspension; loss of results,2020-06-09,FALSE,FALSE,FALSE
"walsh, cole",track & field,cannabinoids,6-month suspension with 3-month deferral; loss of results,2020-06-01,FALSE,FALSE,FALSE
"romero noboa, isidro",triathlon,androgenic anabolic steroid; cannabinoids; anastrozole; clomiphene; gw1516,4-year suspension; loss of results,2020-05-22,FALSE,FALSE,FALSE
"gastelum, kelvin",mixed martial arts,cannabinoids,9-month suspension with 5-month deferral,2020-05-11,FALSE,FALSE,FALSE
"ortiz, robert",weightlifting,cannabinoids,12-month suspension with 6-month deferral; loss of results,2020-05-04,FALSE,FALSE,FALSE
"hurst, rowdy",weightlifting,androgenic anabolic steroid; clomiphene; modafinil,4-year suspension; loss of results,2020-04-24,FALSE,FALSE,FALSE
"saccente, nicholas",weightlifting,non-analytical: possession and use/attempted use; non-analytical: 3 whereabouts failures,8-year suspension; loss of results; sanction tolled due to retirement,2020-04-16,FALSE,FALSE,FALSE
"penchel, lucas",mixed martial arts,non-analytical: complicity,2-year suspension,2020-03-23,FALSE,FALSE,FALSE
"gleaves, john",cycling,oxandrolone; clomiphene,4-year suspension; loss of results,2020-03-20,FALSE,FALSE,FALSE
"bond, daniel",cycling,non-analytical: refusal to submit to sample collection,4-year suspension; loss of results,2020-03-18,FALSE,FALSE,FALSE
"aguero, manuel",weightlifting,amphetamine; modafinil,4-year suspension; loss of results,2020-03-12,FALSE,FALSE,FALSE
"jones, addison",weightlifting,cannabinoids,6-month suspension with 3-month deferral; loss of results,2020-03-05,FALSE,FALSE,FALSE
"penne, jessica",mixed martial arts,stanozolol,20-month suspension,2020-02-28,FALSE,FALSE,FALSE
"de padua, isabela",mixed martial arts,19-norandrosterone (19-na),2-year suspension,2020-02-27,FALSE,FALSE,FALSE
"strange, robert",weightlifting,dehydroepiandrosterone (dhea),1-year suspension; loss of results,2020-02-21,FALSE,FALSE,FALSE
"prazeres, michel",mixed martial arts,boldenone,2-year suspension,2020-02-11,FALSE,FALSE,FALSE
"duarte, kaynan",brazilian jiu-jitsu,ostarine,1-year suspension,2020-02-07,FALSE,FALSE,FALSE
"saint preux, ovince",mixed martial arts,ostarine; lgd-4033; gw1516,3-month suspension,2020-01-31,FALSE,FALSE,FALSE
"sanchez, diego",mixed martial arts,"ostarine, s-23",3-month suspension,2020-01-31,FALSE,FALSE,FALSE
"o'malley, sean",mixed martial arts,ostarine,6-month suspension,2020-01-09,FALSE,FALSE,FALSE
"townsend, dequan",mixed martial arts,"cocaine, fentanyl",6-month suspension,2020-01-08,FALSE,FALSE,FALSE
"dumala, samantha",waterskiing,spironolactone,public warning,2020-01-07,FALSE,FALSE,FALSE
"dreaver, ted",weightlifting,androgenic anabolic steroid,39-month suspension; loss of results,2020-01-06,FALSE,FALSE,FALSE
"martinez, cristofer",weightlifting,5-methylhexan-2-amine,2-year suspension; loss of results,2019-12-27,FALSE,FALSE,FALSE
"taha, khalid",mixed martial arts,furosemide,1-year suspension,2019-12-23,FALSE,FALSE,FALSE
"glasgow, scott",weightlifting,non-analytical: complicity,4-year suspension,2019-12-20,FALSE,FALSE,FALSE
"merrell, miranda",weightlifting,oxandrolone,2-year suspension; loss of results,2019-12-19,FALSE,FALSE,FALSE
"cachoeira gomes da silva, priscila",mixed martial arts,hydrochlorothiazide,4-month suspension,2019-12-18,FALSE,FALSE,FALSE
"gochenour, alexandria",track & field,ostarine,4-year suspension; loss of results,2019-12-17,FALSE,FALSE,FALSE
"shafer, janelle",weightlifting,ostarine,4-year suspension; loss of results,2019-12-17,FALSE,FALSE,FALSE
"letellier, lawrence",weightlifting,clomiphene,2-year suspension; loss of results,2019-12-04,FALSE,FALSE,FALSE
"akuna, kiara",weightlifting,methandienone; dehydrochloromethyltestosterone (dhcmt),4-year suspension; loss of results,2019-11-27,FALSE,FALSE,FALSE
"nunez, erik",weightlifting,gw1516,4-year suspension; loss of results,2019-11-21,FALSE,FALSE,FALSE
"anderson, kaley",weightlifting,di‐hydroxy‐lgd‐4033,4-year suspension; loss of results,2019-11-20,FALSE,FALSE,FALSE
"nunes souza, istela iane",mixed martial arts,stanozolol,2-year suspension,2019-10-25,FALSE,FALSE,FALSE
"y frederico salvador de lemos, giacomo",mixed martial arts,drostanolone,2-year suspension,2019-10-24,FALSE,FALSE,FALSE
"arte, john allan",mixed martial arts,tamoxifen,1-year suspension,2019-10-18,FALSE,FALSE,FALSE
"gatto regonha, melissa",mixed martial arts,furosemide,1-year suspension,2019-10-17,FALSE,FALSE,FALSE
"kurth, ty",cycling,testosterone,2-year suspension; loss of results,2019-10-17,FALSE,FALSE,FALSE
"dwyer, conor",swimming,androgenic anabolic steroid,20-month suspension; loss of results; sanction tolled due to retirement,2019-10-11,FALSE,FALSE,FALSE
"franklin, natalie",weightlifting,ostarine; lgd-4033,4-year suspension; loss of results,2019-10-10,FALSE,FALSE,FALSE
"allison, kyler",bobsled and skeleton,non-analytical: refusal to submit to sample collection,4-year suspension; loss of results; sanction tolled due to retirement,2019-10-09,FALSE,TRUE,FALSE
"davis, todd",track & field,non-analytical: refusal to submit to sample collection,4-year suspension; loss of results,2019-10-04,FALSE,FALSE,FALSE
"cano, josue",weightlifting,non-analytical: refusal to submit to sample collection,4-year suspension; loss of results; sanction tolled due to retirement,2019-10-03,FALSE,FALSE,FALSE
"salazar, alberto",track & field,"non-analytical: tampering, administration (iv), and trafficking (testosterone)",4-year suspension,2019-09-30,FALSE,FALSE,FALSE
"brown, jeffrey",track & field,"non-analytical: tampering, administration (iv), and complicity (testosterone)",4-year suspension,2019-09-30,FALSE,FALSE,FALSE
"carlberg, angela",weightlifting,vilanterol,public warning,2019-09-27,FALSE,FALSE,FALSE
"branch, david",mixed martial arts,ipamorelin,2-year suspension,2019-09-18,FALSE,FALSE,FALSE
"frota lima, sarah",mixed martial arts,stanozolol,2-year suspension,2019-09-17,FALSE,FALSE,FALSE
"smoliakov, dmitrii",mixed martial arts,recombinant human erythropoietin (rhuepo); intact human chorionic gonadtrophin (hcg),2-year suspension,2019-09-10,FALSE,FALSE,FALSE
"goss, lauren",triathlon,cannabinoids,6-month suspension; loss of results,2019-09-05,FALSE,FALSE,FALSE
"maynard, nicole",weightlifting,methenolone; lgd‐4033; gw1516,4-year suspension; loss of results,2019-09-04,FALSE,FALSE,FALSE
"gouti, thibault",mixed martial arts,ostarine; lgd-4033; gw1516,6-month suspension,2019-08-27,FALSE,FALSE,FALSE
"dollaway, cb",mixed martial arts,anastrozole; ghrp-2; ghrp-6; clomiphene,2-year suspension,2019-08-26,FALSE,FALSE,FALSE
"dolidze, roman",mixed martial arts,clomiphene; dehydrochloromethyltestosterone (dhcmt),1-year suspension,2019-08-23,FALSE,FALSE,FALSE
"bond, michael",powerlifting,"ostarine, rad140, gw1516",4-year suspension; loss of results,2019-08-21,FALSE,FALSE,FALSE
"licon, william",swimming,non-analytical: use (vilanterol),public warning,2019-08-01,FALSE,FALSE,FALSE
"schafer, mallory",triathlon,higenamine,10-month suspension,2019-07-30,FALSE,FALSE,FALSE
"galloway, jacqueline",taekwondo,ibutamoren,6-month suspension,2019-07-29,FALSE,FALSE,FALSE
"amedovski, alen",mixed martial arts,cannabinoids,6-month suspension with 3-month deferral,2019-07-18,FALSE,FALSE,FALSE
"sacklow, joe",weightlifting,"heptaminol, 1,4‐dimethylpentylamine (1,4‐dmpa), octodrine, ostarine, di‐hydroxy‐lgd‐4033",4-year suspension; loss of results,2019-07-17,FALSE,FALSE,FALSE
"warren, darcie",weightlifting,non-analytical: refusal to submit to sample collection,8-year suspension; loss of results,2019-07-11,FALSE,FALSE,FALSE
"shtyrkov, ivan",mixed martial arts,boldenone,2-year suspension,2019-07-09,FALSE,FALSE,FALSE
"le, talina",taekwondo,higenamine,18-month suspension; loss of results,2019-07-08,FALSE,FALSE,FALSE
"mosley, mandy",weightlifting,"higenamine, heptaminol, and octodrine",16-month suspension; loss of results,2019-06-27,FALSE,FALSE,FALSE
"hu, yaozong",mixed martial arts,"androsta-3,5-diene-7,17-dione",10-month suspension,2019-06-14,FALSE,FALSE,FALSE
"gorgees, alex",mixed martial arts,drostanolone; dehydrochloromethyltestosterone (dhcmt),16-month suspension,2019-05-31,FALSE,FALSE,FALSE
"waterstraat, elizabeth",triathlon,ostarine,6-month suspension; loss of results,2019-05-24,FALSE,FALSE,FALSE
"porfirio de araùjo, tayane",brazilian jiu-jitsu,"19‐norandrosterone (19‐na), 19-noretiocholanolone",4-year suspension; loss of results,2019-05-10,FALSE,FALSE,FALSE
"omar, mohamed",weightlifting,clomiphene,2-year suspension; loss of results;,2019-05-07,FALSE,FALSE,FALSE
"tisinger-ledkins, janel",racquetball,octopamine,16-month suspension; loss of results,2019-05-02,FALSE,FALSE,FALSE
"costa, carlos",mixed martial arts,non-analytical: possession and administration,6-month suspension,2019-04-26,FALSE,FALSE,FALSE
"costa, paulo",mixed martial arts,non-analytical: intravenous infusion,6-month suspension,2019-04-26,FALSE,FALSE,FALSE
"montano, nicco",mixed martial arts,ostarine,6-month suspension,2019-04-23,FALSE,FALSE,FALSE
"o'malley, sean",mixed martial arts,ostarine,6-month suspension,2019-04-23,FALSE,FALSE,FALSE
"vettori, marvin",mixed martial arts,ostarine,6-month suspension,2019-04-23,FALSE,FALSE,FALSE
"mendes, augusto",mixed martial arts,ostarine,6-month suspension,2019-04-23,FALSE,FALSE,FALSE
"harris, walt",mixed martial arts,lgd-4033,4-month suspension,2019-04-22,FALSE,FALSE,FALSE
"taisumov, mairbek",mixed martial arts,stanozolol,6-month suspension,2019-04-11,FALSE,FALSE,FALSE
"dillashaw, tj",mixed martial arts,recombinant human erythropoietin (rhuepo),2-year suspension,2019-04-09,FALSE,FALSE,FALSE
"murzakanov, azamat",mixed martial arts,boldenone,2-year suspension,2019-04-08,FALSE,FALSE,FALSE
"magomedov, ruslan",mixed martial arts,methyltestosterone; stanozolol,lifetime suspension,2019-04-01,FALSE,FALSE,FALSE
"baratto, joseph",cycling,androgenic anabolic steroid,1-year suspension; loss of results,2019-03-20,FALSE,FALSE,FALSE
"logan, devin",skiing,cannabinoids,6-month suspension with 3-month deferral - loss of results,2019-03-01,FALSE,FALSE,FALSE
"schenk, cheyenne",weightlifting,cannabinoids,6-month suspension with 3-month deferral - loss of results,2019-02-26,FALSE,FALSE,FALSE
"murtazaliev, khalid",mixed martial arts,drostanolone,2-year suspension,2019-02-22,FALSE,FALSE,FALSE
"collier, jake",mixed martial arts,higenamine,10-month suspension,2019-02-19,FALSE,FALSE,FALSE
"sorensen, ira",cycling,androgenic anabolic steroid,2-year suspension; loss of results,2019-02-12,FALSE,FALSE,FALSE
"pate, jennifer",cycling,androgenic anabolic steroid,4-year suspension; loss of results,2019-02-11,FALSE,FALSE,FALSE
"campbell, rachel",weightlifting,non-analytical: refusal to submit to sample collection,4-year suspension; loss of results; sanction tolled due to retirement,2019-02-07,FALSE,FALSE,FALSE
"cuicchi, trevor",weightlifting,ostarine,9-month suspension; loss of results,2019-01-28,FALSE,FALSE,FALSE
"juneau scott, cory",skateboarding,cannabinoids,6-month suspension with 3-month deferral - loss of results,2019-01-22,FALSE,FALSE,FALSE
"carrillo, michel",cycling,"erythropoietin (epo); 19‐norandrosterone (19‐na); androgenic-anabolic steroids (aas); clostebol, testosterone",4-year suspension; loss of results,2019-01-18,FALSE,FALSE,FALSE
"maia, jennifer",mixed martial arts,"furosemide; hydrochlorothiazide; chlorothiazide; thiazide metabolite 4-amino-6-chloro-1,3-benzenedisulfonamide (acb)",6-month suspension,2019-01-15,FALSE,FALSE,FALSE
"brown, robert",weightlifting,heptaminol,9-month suspension; loss of results,2019-01-14,FALSE,FALSE,FALSE
"grove, carl",cycling,trenbolone; clomiphene,public warning,2019-01-04,FALSE,FALSE,FALSE
"pate, david",cycling,androgenic anabolic steroid,4-year suspension; loss of results,2018-12-20,FALSE,FALSE,FALSE
"zeng, laura",gymnastics,acetazolamide,6-month suspension; loss of results,2018-12-19,FALSE,FALSE,FALSE
"sekulic, stefan",mixed martial arts,drostanolone; metandienone,2-year suspension,2018-12-18,FALSE,FALSE,FALSE
"kandare, bharat vijay",mixed martial arts,boldenone; tamoxifen,2-year suspension,2018-12-17,FALSE,FALSE,FALSE
"lopez, enrique",cycling,erythropoietin (epo),4-year suspension - loss of results,2018-11-12,FALSE,FALSE,FALSE
"strickler, steven",cycling,androgenic anabolic steroid,4-year suspension - loss of results,2018-11-07,FALSE,FALSE,FALSE
"reyes, polo",mixed martial arts,ostarine,6-month suspension,2018-10-29,FALSE,FALSE,FALSE
"tanski, jeff",cycling,androgenic anabolic steroid,4-year suspension - loss of results,2018-10-18,FALSE,FALSE,FALSE
"scott, bradley",mixed martial arts,cocaine,2-year suspension; sanction tolled due to retirement,2018-10-16,FALSE,FALSE,FALSE
"gonzalez, mijail",cycling,dexamethasone,4-year suspension - loss of results,2018-10-03,FALSE,FALSE,FALSE
"eyler, bob",archery,cannabinoids; propranolol,2-year suspension - loss of results,2018-10-01,FALSE,FALSE,FALSE
"diaz, raul",cycling,"erythropoietin (epo), dexamethasone",4-year suspension - loss of results,2018-09-27,FALSE,FALSE,FALSE
"butterworth, andrew",weightlifting,stanozolol,42-month suspension - loss of results; sanction tolled due to retirement,2018-09-26,FALSE,FALSE,FALSE
"jones, jon",mixed martial arts,chlorine-substituted anabolic steroid,15-month suspension - loss of results,2018-09-19,FALSE,FALSE,FALSE
"dudeck, cameron",weightlifting,dhcmt,4-year suspension - loss of results,2018-09-17,FALSE,FALSE,FALSE
"bedford, stephen",cycling,cannabinoids,6-month suspension with 3-month deferral - loss of results,2018-09-12,FALSE,FALSE,FALSE
"francis, victoria",wrestling,ostarine,1-year suspension - loss of results,2018-08-31,FALSE,FALSE,FALSE
"ortiz, robert",weightlifting,"1,4‐dimethylpentylamine",16-month suspension - loss of results,2018-08-27,FALSE,FALSE,FALSE
"malinowski, emily",weightlifting,androgenic anabolic steroids,45-month suspension - loss of results,2018-08-24,FALSE,FALSE,FALSE
"payne, demi",track & field,drostanolone,4-year suspension - loss of results,2018-08-24,FALSE,FALSE,FALSE
"gaskins, joshua",weightlifting,androgenic anabolic steroids,2-year suspension - loss of results,2018-08-22,FALSE,FALSE,FALSE
"boss, logan",track & field,canrenone,6-month suspension - loss of results,2018-08-21,FALSE,FALSE,FALSE
"frazier, daniel",cycling,"androgenic anabolic steroid, clomiphene",1-year suspension - loss of results,2018-08-15,FALSE,FALSE,FALSE
"ssekyaaya, charles",weightlifting,"1,3-dimethylbutylamine (dmba)",9-month suspension - loss of results,2018-08-13,FALSE,FALSE,FALSE
"ferraro,  anthony",paralympic judo,cannabinoids,6-month suspension with 3-month deferral - loss of results,2018-08-08,FALSE,FALSE,TRUE
"mazur, bruce",cycling,androgenic anabolic steroids,4-year suspension - loss of results,2018-08-01,FALSE,FALSE,FALSE
"casey, jack",swimming,anastrozole,6-month suspension - loss of results,2018-07-26,FALSE,FALSE,FALSE
"lochte, ryan",swimming,non-analytical: use (iv),14-month suspension,2018-07-23,FALSE,FALSE,FALSE
"silva, anderson",mixed martial arts,methyltestosterone; hydrochlorothiazide,1-year suspension,2018-07-18,FALSE,FALSE,FALSE
"meacham, michael",triathlon,androgenic anabolic steroids,1-year suspension - loss of results,2018-06-29,FALSE,FALSE,FALSE
"oleksiejczuk, michał",mixed martial arts,clomiphene,1-year suspension,2018-06-12,FALSE,FALSE,FALSE
"ainslie, roger",cycling,gw1516,42-month suspension - loss of results,2018-06-08,FALSE,FALSE,FALSE
"brown, buster",cycling,androgenic anabolic steroid,2-year suspension - loss of results,2018-06-01,FALSE,FALSE,FALSE
"gross, scott",cycling,non-analytical: refusal to submit to sample collection,4-year suspension - loss of results,2018-05-22,FALSE,FALSE,FALSE
"chipangama, jordan",track & field,meldonium,4-year suspension - loss of results,2018-05-15,FALSE,FALSE,FALSE
"colunga, cesar",karate,methylphenidate,4-month suspension - loss of results,2018-05-09,FALSE,FALSE,FALSE
"kendall, amanda",swimming,non-analytical: use (vilanterol),3-month suspension - loss of results,2018-05-08,FALSE,FALSE,FALSE
"dahlkemper, abigail",soccer,spironolactone,public warning,2018-05-04,FALSE,FALSE,FALSE
"nogueira, antonio rogerio",mixed martial arts,hydrochlorothiazide,6-month suspension,2018-04-23,FALSE,FALSE,FALSE
"almeida, junior dos santos",mixed martial arts,hydrochlorothiazide,6-month suspension,2018-04-23,FALSE,FALSE,FALSE
"de lima, marcos rogerio",mixed martial arts,anastrozole; hydrochlorothiazide,6-month suspension,2018-04-23,FALSE,FALSE,FALSE
"griffin, jason",paralympic cycling,benzoylecgonine and methylecgonine,1-year suspension - loss of results,2018-04-18,FALSE,FALSE,TRUE
"rivera, jessica",weightlifting,stanozolol,4-year suspension -  loss of results,2018-04-16,FALSE,FALSE,FALSE
"miller, barry",cycling,androgenic anabolic steroid,1-year suspension -  loss of results,2018-04-13,FALSE,FALSE,FALSE
"lima, dylan",cycling,testosterone,3-year suspension - loss of results,2018-04-10,FALSE,FALSE,FALSE
"diaz, nick",mixed martial arts,non-analytical: 3 whereabouts failures,1-year supension,2018-04-09,FALSE,FALSE,FALSE
"britt, teresa",weightlifting,higenamine,2-year suspension - loss of results,2018-04-09,FALSE,FALSE,FALSE
"rothwell, ben",mixed martial arts,testosterone,2-year suspension,2018-04-06,FALSE,FALSE,FALSE
"palicka, megan",weightlifting,ostarine and rad140,3-year suspension - loss of results; sanction tolled due to retirement,2018-04-06,FALSE,FALSE,FALSE
"volrath, frank",weightlifting,"ostarine, rad140, ibutamoren",4-year suspension - loss of results; sanction tolled due to retirement,2018-04-05,FALSE,FALSE,FALSE
"gough, nicholas",triathlon,erythropoietin (epo),4-year suspension - loss of results,2018-04-02,FALSE,FALSE,FALSE
"rosiek, julie",triathlon,androgenic anabolic steroid,2-year suspension - loss of results,2018-03-30,FALSE,FALSE,FALSE
"raymond, abby",weightlifting,ostarine,3-month suspension - loss of results,2018-03-29,FALSE,FALSE,FALSE
"lemos, amanda",mixed martial arts,stanozolol,2-year suspension,2018-03-28,FALSE,FALSE,FALSE
"barnett, josh",mixed martial arts,ostarine,public warning,2018-03-23,FALSE,FALSE,FALSE
"jarrett, kaitlyn",weightlifting,higenamine,1-year suspension - loss of results,2018-03-23,FALSE,FALSE,FALSE
"roman, lazaro",weightlifting,"higenamine, clomiphene, dehydrochloromethyltestosterone (dhcmt)",4-year suspension - loss of results,2018-03-09,FALSE,FALSE,FALSE
"cutelaba, ion",mixed martial arts,non-analytical: blood transfusion,6-month suspension,2018-03-08,FALSE,FALSE,FALSE
"calvillo, cynthia",mixed martial arts,cannabinoids,6-month suspension,2018-03-07,FALSE,FALSE,FALSE
"alexandrov, mihail (mike)",swimming,benzoylecgonine and methylecgonine,1-year suspension - loss of results,2018-03-06,FALSE,FALSE,FALSE
"anyanwu, azunna",mixed martial arts,furosemide,1-year suspension,2018-03-02,FALSE,FALSE,FALSE
"tukhugov, zubaira",mixed martial arts,ostarine,2-year suspension,2018-02-15,FALSE,FALSE,FALSE
"magomedov, ruslan",mixed martial arts,ostarine,2-year suspension,2018-02-15,FALSE,FALSE,FALSE
"wallhead, jim",mixed martial arts,ostarine,9-month suspension,2018-02-06,FALSE,FALSE,FALSE
"de tomas, carls john",mixed martial arts,furosemide,1-year suspension,2018-02-05,FALSE,FALSE,FALSE
"mulheron, james",mixed martial arts,clomiphene,1-year suspension,2018-01-30,FALSE,FALSE,FALSE
"less, david",cycling,non-analytical: refusal to submit to sample collection,2-year suspension - loss of results,2018-01-29,FALSE,FALSE,FALSE
"webb, craig",cycling,non-analytical: refusal to submit to sample collection,4-year suspension - loss of results,2018-01-26,FALSE,FALSE,FALSE
"schumm, jennifer",cycling,testosterone,4-year suspension - loss of results,2018-01-25,FALSE,FALSE,FALSE
"jackson, sharon",racquetball,spironolactone,public warning,2018-01-24,FALSE,FALSE,FALSE
"harrison, marck",boccia,chlorthalidone,public warning,2018-01-24,FALSE,FALSE,FALSE
"travis, alyssa",weightlifting,non-analytical: refusal to submit to sample: collection,4-year suspension - loss of results,2018-01-23,FALSE,FALSE,FALSE
"grayson, lemuel",weightlifting,hydrochlorothiazide,public warning,2018-01-22,FALSE,FALSE,FALSE
"beyer, bill",triathlon,testosterone,2-year suspension - loss of results,2018-01-19,FALSE,FALSE,FALSE
"rivera, francisco",mixed martial arts,clenbuterol,4-year suspension,2018-01-19,FALSE,FALSE,FALSE
"oliver, jordan",wrestling,amphetamine,1-year suspension - loss of results,2018-01-09,FALSE,FALSE,FALSE
"penne, jessica",mixed martial arts,dehydroepiandrosterone (dhea),18-month suspension,2018-01-05,FALSE,FALSE,FALSE
"vennera, james",archery,metoprolol,public warning,2018-01-05,FALSE,FALSE,FALSE
"miller, jeffery",cycling,"testosterone, human growth hormone (hgh), oxandrolone",4-year suspension - loss of results,2017-12-28,FALSE,FALSE,FALSE
"patel, vikas",track & field,non-analytical: ostarine,4-year suspension - loss of results; sanction tolled due to retirement,2017-12-27,FALSE,FALSE,FALSE
"wolter, kenna",track & field,"non-analytical: ostarine, methylstenbolone",2-year suspension - loss of results,2017-12-22,FALSE,FALSE,FALSE
"sanford, jonathan",track & field,non-analytical: use and possession (ostarine),1-year suspension - loss of results,2017-12-21,FALSE,FALSE,FALSE
"zoda, michael",weightlifting,non-analytical: possession (peptides),2-year suspension - loss of results,2017-12-20,FALSE,FALSE,FALSE
"polk, tori",track & field,non-analytical: possession (peptides),2-year suspension - loss of results,2017-12-15,FALSE,FALSE,FALSE
"harroufi, abdelmounaim",track & field,non-analytical: use and possession (aicar),4-year suspension - loss of results,2017-12-08,FALSE,FALSE,FALSE
"henderson, jay",cycling,cannabinoids,6-month suspension with 3-month deferral - loss of results,2017-12-07,FALSE,FALSE,FALSE
"boss, logan",track & field,canrenone,public warning,2017-12-06,FALSE,FALSE,FALSE
"owusu-nyantekyi, nana",track & field,non-analytical: use and possession (ostarine),1-year suspension from 1/8/2017 - loss of results from 8/25/2015,2017-12-04,FALSE,FALSE,FALSE
"blandford, jenna","cycling, triathlon","non-analytical: use and possession (testosterone, hgh and oxandrolone)",4-year suspension - loss of results,2017-11-28,FALSE,TRUE,FALSE
"dates, royce",track & field,non-analytical: use and possession (ostarine),4-year suspension - loss of results,2017-11-21,FALSE,FALSE,FALSE
"roberts, lisa",triathlon,vilanterol,public warning - loss of results,2017-11-10,FALSE,FALSE,FALSE
"bell, kenwood (kenta)",track & field - athlete support personnel,"non-analytical: possession, adminstration and complicity",lifetime; second violation,2017-11-08,TRUE,FALSE,FALSE
"westbrook, atlanta",track & field,non-analytical: use and possession (ostarine),4-year suspension - loss of results,2017-11-03,FALSE,FALSE,FALSE
"felipe cabral de almeida, carlos",mixed martial arts,stanozolol metabolites,2-year suspension,2017-10-20,FALSE,FALSE,FALSE
"taylor, jesse",mixed martial arts,clomiphene,1-year suspension,2017-10-13,FALSE,FALSE,FALSE
"vance, shaquille",paralympic track & field,non-analytical: evading sample collection,4 year suspension with 1 year reduction - loss of results,2017-10-10,FALSE,FALSE,TRUE
"roehrick, nick",mixed martial arts,clomiphene and its metabolite,1-year suspension,2017-09-21,FALSE,FALSE,FALSE
"schiefer, john",cycling,clomiphene and its metabolite,6-month suspension - loss of results,2017-09-06,FALSE,FALSE,FALSE
"wuebben, zachary",weightlifting,clomiphene and methylphenidate metabolite ritalinic acid,4-year suspension - loss of results,2017-08-31,FALSE,FALSE,FALSE
"heinzl, sarah",paralympic basketball,non-analytical: use (higenamine),public warning,2017-08-29,FALSE,FALSE,TRUE
"leogrande, kayle",cycling,"raloxifene, ostarine, ibutamoren, gw1516 sulfone, rad140, lgd4033, andarine",8-year suspension - loss of results,2017-08-28,FALSE,FALSE,FALSE
"herbert, zack",weightlifting,non-analytical: refusal to submit to sample collection,2-year suspension - loss of results; sanction tolled due to retirement; unretired - eligible to compete starting 3/7/2020,2017-08-22,FALSE,FALSE,FALSE
"cannetti, guido",mixed martial arts,"hydrochlorothiazide, chlorothiazide, ostarine and stanozolol metabolites",10-month suspension,2017-08-18,FALSE,FALSE,FALSE
"acevedo-fuller, carlee",weightlifting,"higenamine, 1,4-dimethylpentylamine",9-month suspension - loss of results,2017-08-16,FALSE,FALSE,FALSE
"goodwin, marquise",track & field,non-analytical: 3 whereabouts failures,1-year suspension - loss of results,2017-08-15,FALSE,FALSE,FALSE
"carter, chris",track & field,ostarine,9-month suspension - loss of results,2017-08-11,FALSE,FALSE,FALSE
"blazejack, tony",cycling,clenbuterol,4-year suspension - loss of results,2017-08-08,FALSE,FALSE,FALSE
"stohr, riley",luge,cannabinoids,6-month suspension - loss of results; sanction tolled due to retirement,2017-07-27,FALSE,FALSE,FALSE
"cruse, j.c.",bobsled and skeleton,dimethylbutylamine (dmba),16-month suspension - loss of results,2017-07-20,FALSE,TRUE,FALSE
"bushey, kayla",track & field,non-analytical: use and possession,2-year suspension - loss of results,2017-07-19,FALSE,FALSE,FALSE
"mcpherson, scott",track & field,androgenic anabolic steroid,4-year suspension - loss of results; sanction tolled due to retirement,2017-07-17,FALSE,FALSE,FALSE
"nguyen, tam",weightlifting,non-analytical: refusal to submit to sample collection,4-year suspension - loss of results,2017-07-14,FALSE,FALSE,FALSE
"johnson, gea",cycling,modafinil,21-month suspension - loss of results,2017-07-07,FALSE,FALSE,FALSE
"barnes, benjamin",weightlifting,gw1516,4-year suspension - loss of results,2017-06-30,FALSE,FALSE,FALSE
"bayer, david",weightlifting,clomiphene and gw1516,2.5-year suspension - loss of results,2017-06-30,FALSE,FALSE,FALSE
"sullivan, george",mixed martial arts,clomiphene and its metabolite,1-year suspension; second violation,2017-06-20,FALSE,FALSE,FALSE
"gibilaro, ariel",archery,canrenone,public warning,2017-06-16,FALSE,FALSE,FALSE
"dykes, kelly",weightlifting,ostarine,8-year suspension - loss of results; second violation,2017-06-08,FALSE,FALSE,FALSE
"park, peter",paralympic track & field,androgenic anabolic steroid,21-month suspension - loss of results,2017-06-08,FALSE,FALSE,TRUE
"nackoul, michael",weightlifting,non-analytical: possession (peptides),4-year suspension - loss of results,2017-06-02,FALSE,FALSE,FALSE
"dosterschill, robert kyle",weightlifting,"androgenic anabolic steroid, amphetamine, drostanolone, mesterolone and dehydrochloromethyltestosterone (dhcmt)",4-year suspension - loss of results,2017-05-31,FALSE,FALSE,FALSE
"moore, tyler",weightlifting,ostarine,4-year suspension - loss of results; sanction tolled due to retirement,2017-05-26,FALSE,FALSE,FALSE
"creveling, chris",speedskating,clomiphene,4-year suspension - loss of results; sanction tolled due to retirement,2017-05-15,FALSE,FALSE,FALSE
"young, jason",track & field,non-analytical: use and possession (peptides),4-year suspension - loss of results; sanction tolled due to retirement,2017-05-12,FALSE,FALSE,FALSE
"gastelum, kelvin",mixed martial arts,cannabinoids,6-month suspension with 3-month deferral,2017-05-11,FALSE,FALSE,FALSE
"gingras, michael",weightlifting - athlete support personnel,"non-analytical: possession, trafficking, and administration",lifetime suspension with reduction  to 12 years - loss of results; sanction tolled due to retirement,2017-05-11,TRUE,FALSE,FALSE
"oliver, imani",track & field,ostarine,1-year suspension - loss of results,2017-05-09,FALSE,FALSE,FALSE
"abreu, ricardo",mixed martial arts,androgenic anabolic steroid & 19-norandrosterone (19-na),4-year suspension: sanction is tolled until athlete returns from retirement. second violation.,2017-05-05,FALSE,FALSE,FALSE
"moore, darien",track & field,methandienone,4-year suspension - loss of results,2017-05-04,FALSE,FALSE,FALSE
"harvey, scot",cycling,non-analytical: refusal to submit to sample collection,4-year suspension - loss of results,2017-05-03,FALSE,FALSE,FALSE
"nielson, cliff",track & field,non-analytical: use and possession (peptides),4-year suspension - loss of results,2017-05-02,FALSE,FALSE,FALSE
"beckwith-ludlow, molly",track & field,clomiphene,public warning,2017-05-01,FALSE,FALSE,FALSE
"mir, francisco",mixed martial arts,dehydrochloromethyltestosterone (dhcmt),2-year suspension,2017-04-21,FALSE,FALSE,FALSE
"rollins, brianna",track & field,non-analytical: 3 whereabouts failures,1-year suspension - loss of results,2017-04-20,FALSE,FALSE,FALSE
"geving, amanda",cycling,acetazolamide,12-month suspension - loss of results,2017-04-19,FALSE,FALSE,FALSE
"schrodt, patrick ""dillon""",bobsled and skeleton,dimethylbutylamine (dmba),16-month suspension - loss of results,2017-04-06,FALSE,TRUE,FALSE
"ledet, justin",mixed martial arts,1-testosterone and 1-androstenedione,4-month suspension,2017-04-05,FALSE,FALSE,FALSE
"good, lyman",mixed martial arts,1-androstenedione and its metabolite,6-month suspension,2017-04-03,FALSE,FALSE,FALSE
"nicolau pereira, matheus",mixed martial arts,anastrozole,1-year suspension,2017-03-29,FALSE,FALSE,FALSE
"hall, mary",weightlifting,oxandrolone and its metabolite,4-year suspension - loss of results,2017-03-28,FALSE,FALSE,FALSE
"pires nogueira, leonardo",brazilian jiu-jitsu,clomiphene,2-year suspension - loss of results,2017-03-27,FALSE,FALSE,FALSE
"andrade, viscardi",mixed martial arts,stanozolol and its metabolites,2-year suspension,2017-03-21,FALSE,FALSE,FALSE
"dykes, kelly",weightlifting,"clenbuterol, ostarine, and a tamoxifen metabolite",4-year suspension - loss of results,2017-03-16,FALSE,FALSE,FALSE
"green, roderick","paralympic track & field, paralympic volleyball",ostarine,9-month suspension - loss of results,2017-03-14,FALSE,TRUE,TRUE
"prenoveau, robert",paralympic curling,hydrochlorothiazide and chlorothiazide,public warning - loss of results,2017-03-07,FALSE,FALSE,TRUE
"cosby-toruga, jessica",track & field,androgenic anabolic steroid,6-year suspension - loss of results; second violation; sanction tolled due to retirement,2017-03-06,FALSE,FALSE,FALSE
"dawson, gabriel",weightlifting,amphetamine,4-year suspension - loss of results,2017-03-02,FALSE,FALSE,FALSE
"lawlor, tom",mixed martial arts,ostarine,2-year suspension,2017-02-24,FALSE,FALSE,FALSE
"pierik, vincent",weightlifting,"19-norandrosterone (19-na), drostanolone and its metabolites, and epitrenbolone",4-year suspension - loss of results,2017-02-21,FALSE,FALSE,FALSE
"harper-nelson, dawn",track & field,hydrochlorothiazide,3-month suspension - loss of results,2017-02-07,FALSE,FALSE,FALSE
"olivieri, luis felipe",mixed martial arts,methyltestosterone,2-year suspension,2017-01-25,FALSE,FALSE,FALSE
"vrabel, andrew",weightlifting,non-analytical,4-year suspension - loss of results; sanction tolled due to retirement,2017-01-11,FALSE,FALSE,FALSE
"chan, charis",weightlifting,epitrenbolone,4-year suspension - loss of results,2017-01-09,FALSE,FALSE,FALSE
"matsushima, angelique",weightlifting,cannabinoids,6-month suspension with 3-month deferral - loss of results,2017-01-06,FALSE,FALSE,FALSE
"lesnar, brock",mixed martial arts,clomiphene,1-year suspension,2017-01-04,FALSE,FALSE,FALSE
"lamour, joseph",team handball,amphetamine,2-year suspension - loss of results,2016-12-22,FALSE,FALSE,FALSE
"ferreira, carlos diego",mixed martial arts,ostarine and 7-keto-dhea,17-month suspension,2016-12-21,FALSE,FALSE,FALSE
"mazzie, joseph",roller sports,rad140 and ibutamoren,4-year suspension - loss of results,2016-12-20,FALSE,FALSE,FALSE
"hudson, ryan",weightlifting,stanozolol metabolites,4-year suspension - loss of results,2016-12-15,FALSE,FALSE,FALSE
"mossberg, nick",track & field,non-analytical: use and possession (peptides),4-year suspension - loss of results; sanction tolled due to retirement,2016-12-14,FALSE,FALSE,FALSE
"luton, thomas",cycling,"non-analytical: use and possession (epo, hgh, testosterone)",4-year suspension - loss of results,2016-12-13,FALSE,FALSE,FALSE
"reyes, brandon",weightlifting,"1,3-dimethylbutylamine (dmba)",6-month suspension - loss of results,2016-12-07,FALSE,FALSE,FALSE
"moore, nicole",weightlifting,"1,3-dimethylbutylamine (dmba)",6-month suspension - loss of results,2016-12-05,FALSE,FALSE,FALSE
"pinney, ryan",paralympic cycling,androgenic anabolic steroid,18-month suspension - loss of results,2016-12-01,FALSE,FALSE,TRUE
"machida, lyoto",mixed martial arts,7?keto?dhea,18-month suspension,2016-11-16,FALSE,FALSE,FALSE
"sullivan, george",mixed martial arts,non-analytical: use (igf-1),1-year suspension,2016-11-08,FALSE,FALSE,FALSE
"dunkum, michael",wrestling,non-analytical: use and possession (peptides),4-year suspension - loss of results; sanction tolled due to retirement,2016-11-07,FALSE,FALSE,FALSE
"jones, jon",mixed martial arts,"clomiphene, letrozole",1-year suspension,2016-11-07,FALSE,FALSE,FALSE
"bidlow, cody",track & field,non-analytical:: use (peptides),4-year suspension - loss of results,2016-11-03,FALSE,FALSE,FALSE
"root, tim",cycling,non-analytical: failure to appear to sample collection,4-year suspension - loss of results,2016-11-02,FALSE,FALSE,FALSE
"ulloa, camilo",cycling,androgenic anabolic steroid and methylphenidate,4-year suspension - loss of results,2016-10-26,FALSE,FALSE,FALSE
"edilov, abdul-kerim",mixed martial arts,meldonium,15 month suspension - loss of results,2016-10-21,FALSE,FALSE,FALSE
"danielson, tom",cycling,androgenic anabolic steroid,4-year suspension - loss of results; second violation,2016-10-06,FALSE,FALSE,FALSE
"diaz, nate",mixed martial arts,cannabinoids,public warning,2016-10-06,FALSE,FALSE,FALSE
"d'aurelio, shawn",cycling,non-analytical: refusal to submit to sample collection,4-year suspension - loss of results,2016-10-03,FALSE,FALSE,FALSE
"kimmons, trell",track & field,"1,3-dimethylbutylamine",2-year suspension - loss of results,2016-09-27,FALSE,FALSE,FALSE
"schwab, jeff",cycling,androgenic anabolic steroid,2-year suspension - loss of results,2016-09-08,FALSE,FALSE,FALSE
"rivera, rizelyx",weightlifting,oxycodone,1-year suspension - loss of results,2016-09-06,FALSE,FALSE,FALSE
"fagua raquira, ana milena",cycling,androgenic anabolic steroid,4-year suspension - loss of results,2016-09-01,FALSE,FALSE,FALSE
"denney phillips, jessica","cycling, weightlifting",non-analytical: use (iv),14 month suspension - loss of results,2016-08-24,FALSE,TRUE,FALSE
"baatz, robert",cycling,androgenic anabolic steroid,2-year suspension - loss of results,2016-08-23,FALSE,FALSE,FALSE
"ciolli, kimberly",cycling,androgenic anabolic steroid and propylhexadrine,2-year suspension - loss of results,2016-08-22,FALSE,FALSE,FALSE
"burka gameda, gebo",track & field,prednisone,18-month suspension - loss of results,2016-08-19,FALSE,FALSE,FALSE
"verrando-higgins, mary",cycling,metabolites of methyltestosterone,1-year suspension - loss of results,2016-08-15,FALSE,FALSE,FALSE
"riggs, crystal",weightlifting,furosemide,6-month suspension - loss of results,2016-08-12,FALSE,FALSE,FALSE
"cawley, thomas",track & field,non-analytical: use,4-year suspension - loss of results; sanction tolled due to retirement,2016-08-11,FALSE,FALSE,FALSE
"anderson, robert",paralympic judo,non-analytical: use (vilanterol),3-month suspension - loss of results,2016-08-04,FALSE,FALSE,TRUE
"palmer, liz",track & field,methandienone metabolite,4-year suspension with 6 month reduction - loss of results,2016-08-03,FALSE,FALSE,FALSE
"abreu, ricardo",mixed martial arts,androgenic anabolic steroid & 19-norandrosterone (19-na),2-year suspension - loss of results,2016-07-29,FALSE,FALSE,FALSE
"bough, gino",karate,non-analytical: 3 whereabouts failures,1-year suspension - loss of results,2016-07-25,FALSE,FALSE,FALSE
"mendes, chad",mixed martial arts,growth hormone-releasing hexapeptide,2-year suspension - loss of results,2016-07-20,FALSE,FALSE,FALSE
"pizza, gregory",track & field,androgenic anabolic steroid,20-month suspension - loss of results,2016-07-20,FALSE,FALSE,FALSE
"dutta, susan",equestrian,methylprednisolone,public warning - loss of results,2016-07-19,FALSE,FALSE,FALSE
"howe, james",taekwondo,cannabinoids,6-month suspension with 3-month deferral - loss of results,2016-07-12,FALSE,FALSE,FALSE
"brandt-sorenson, nick",cycling,"non-analytical: possession, trafficking and complicity  (epo & hgh)",lifetime suspension - loss of results; second & third violation,2016-07-11,FALSE,FALSE,FALSE
"penn, bj",mixed martial arts,non-analytical: use (iv),6-month suspension,2016-06-27,FALSE,FALSE,FALSE
"tierney, sam",swimming,non-analytical: use (vilanterol),public warning,2016-06-24,FALSE,FALSE,FALSE
"berry, gwen",track & field,non-analytical: use (vilanterol),3-month suspension - loss of results,2016-06-13,FALSE,FALSE,FALSE
"williams, nia",rugby,"19-norandrosterone (19-na), 19-noretiocholanolone, and drostanolone and its metabolites",4-year suspension - loss of results,2016-06-13,FALSE,FALSE,FALSE
"means, tim",mixed martial arts,ostarine,6-month suspension - loss of results,2016-06-10,FALSE,FALSE,FALSE
"brandao, diego",mixed martial arts,cannabinoids,9-month suspension - loss of results,2016-05-19,FALSE,FALSE,FALSE
"faria, breno correina abrantes",brazilian jiu-jitsu - athlete support personnel,non-analytical,4-year suspension - loss of results,2016-05-18,TRUE,FALSE,FALSE
"lehr, daniel",weightlifting,"androstenedione, ostarine",4-year suspension with 3-month reduction - loss of results,2016-05-02,FALSE,FALSE,FALSE
"lugo, yamile",cycling,androgenic anabolic steroid,4-year suspension with 2-year reduction - loss of results,2016-04-26,FALSE,FALSE,FALSE
"romero, yoel",mixed martial arts,ibutamoren,6-month suspension,2016-04-04,FALSE,FALSE,FALSE
"de castroverde, landon",weightlifting,non-analytical: refusal to submit to sample collection,4-year suspension - loss of results,2016-04-01,FALSE,FALSE,FALSE
"paulson, ashley",triathlon,ostarine,6-month suspension - loss of results,2016-03-31,FALSE,FALSE,FALSE
"cho, chris hyun",weightlifting,dimethylbutylamine,6-month suspension - loss of results,2016-03-30,FALSE,FALSE,FALSE
"buckley, michael",cycling,"androgenic anabolic steroid, anastrozole, lgd-4033 and ostarine",4-year suspension - loss of results,2016-03-25,FALSE,FALSE,FALSE
"lo, wayne",paralympic table tennis,hydrochlorothiazide and chlorothiazide,public warning - loss of results,2016-03-09,FALSE,FALSE,TRUE
"tibau, gleison",mixed martial arts,erythropoietin (epo),2-year suspension - loss of results,2016-02-18,FALSE,FALSE,FALSE
"leeper, blake (patrick)",paralympic track & field,benzoylecgonine,1-year suspension - loss of results,2016-02-01,FALSE,FALSE,TRUE
"kyle, cicely",weightlifting,androgenic anabolic steroid,2-year suspension - loss of results,2015-12-30,FALSE,FALSE,FALSE
"roberto, joseph",weightlifting,ghrp-2,4-year suspension - loss of results,2015-12-29,FALSE,FALSE,FALSE
"mariita, lilian",track & field,androgenic anabolic steroid,8-year suspension - loss of results,2015-12-28,FALSE,FALSE,FALSE
"harbert, tara",baseball,tamoxifen and non-analytical: refusal to submit to sample collection,8-year suspension - loss of results; sanction tolled due to retirement,2015-12-21,FALSE,FALSE,FALSE
"rolo, nelson",cycling,benzoylecgonine,1-year suspension - loss of results,2015-12-11,FALSE,FALSE,FALSE
"hickman, todd",cycling,stanozolol / methylphenidate,4-year suspension - loss of results,2015-12-04,FALSE,FALSE,FALSE
"filipovic, mirko",mixed martial arts,human growth hormone (hgh),2-year suspension - loss of results,2015-11-25,FALSE,FALSE,FALSE
"arello jr., robert",track & field,"hydrochlorothiazide, chlorothiazide",public warning - loss of results,2015-10-27,FALSE,FALSE,FALSE
"coushay, brian",track & field,amphetamine,2-year suspension - loss of results,2015-10-23,FALSE,FALSE,FALSE
"mulwitz, lauren",cycling,cannabinoids,6-month suspension with 3-month deferral - loss of results,2015-09-11,FALSE,FALSE,FALSE
"rybka, jason",weightlifting,"methasterone, ostarine, androstatrienedione",4-year suspension with 8 month reduction - loss of results,2015-08-18,FALSE,FALSE,FALSE
"field, emily",ice hockey,non-analytical: 3 whereabouts failures,1-year suspension - loss of results,2015-06-08,FALSE,FALSE,FALSE
"radcliffe, robert",triathlon,"non-analytical: use and possession (epo, hgh)",18-month suspension - loss of results,2015-06-05,FALSE,FALSE,FALSE
"radcliffe, brook",triathlon,non-analytical: use and possession (epo),2-year suspension - loss of results,2015-06-04,FALSE,FALSE,FALSE
"schmidt, kyle",cycling,non-analytical: use and possession (epo),2-year suspension - loss of results,2015-06-02,FALSE,FALSE,FALSE
"pena, felipe",brazilian jiu-jitsu,androgenic anabolic steroid,2-year suspension with 1 year reduction - loss of results,2015-05-26,FALSE,FALSE,FALSE
"luck, jonathan (carter)",cycling,non-analytical: use and possession (hgh & testosterone),12-month suspension - loss of results,2015-05-13,FALSE,FALSE,FALSE
"mcgillivray, deanna",team handball,"trenbolone, epitrenbolone",2-year suspension - loss of results,2015-04-02,FALSE,FALSE,FALSE
"mutinda, joseph",track & field,"19-norandrosterone, epo, furosemide",3-year suspension - loss of results,2015-03-25,FALSE,FALSE,FALSE
"odesnik, wayne",tennis,"methenolone, androst-(2,3)-en-17-one, and ghrp-6",15-year suspension - loss of results,2015-03-18,FALSE,FALSE,FALSE
"ketema asfaw, atalelech",track & field,ephedrine,2-year suspension - loss of results,2015-03-12,FALSE,FALSE,FALSE
"leinders, geert",cycling - athlete support personnel,"non-analytical: possession, trafficking, and administration",lifetime suspension,2015-01-22,TRUE,FALSE,FALSE
"north, jonathan",weightlifting,non-analytical: 3 whereabouts failures,2-year suspension - loss of results; sanction tolled due to retirement; unretired - eligible to compete starting 2/1/2019,2015-01-22,FALSE,FALSE,FALSE
"poole, quintaveon",track & field,methylhexaneamine,6-month suspension - loss of results,2015-01-20,FALSE,FALSE,FALSE
"anderson, kristi",track & field,androgenic anabolic steroid,1-year suspension - loss of results,2014-12-23,FALSE,FALSE,FALSE
"mcpherson, inika",track & field,benzoylecgonine,21-month suspension - loss of results,2014-12-19,FALSE,FALSE,FALSE
"drummond, jon",track & field - athlete support personnel,"non-analytical: possession, trafficking, and administration",8-year suspension,2014-12-17,TRUE,FALSE,FALSE
"estima, braulio",brazilian jiu-jitsu,methylhexaneamine,2-year suspension - loss of results,2014-11-25,FALSE,FALSE,FALSE
"carlin, nikki",weightlifting,"clenbuterol, and oxandrolone and its metabolite",2-year suspension - loss of results; sanction tolled due to a whereabouts compliance failure,2014-11-14,FALSE,FALSE,FALSE
"perkins, ravaughn",wrestling,furosemide,6-month suspension - loss of results,2014-10-16,FALSE,FALSE,FALSE
"erickson, sarah",ice hockey,non-analytical: 3 whereabouts failures,1-year suspension - loss of results,2014-10-13,FALSE,FALSE,FALSE
"dana, ryan",weightlifting,androgenic anabolic steroid,21-month suspension - loss of results,2014-10-09,FALSE,FALSE,FALSE
"o'hara, damian",judo,"methylclostebol, promagnon",1-year suspension - loss of results,2014-10-08,FALSE,FALSE,FALSE
"spearmon, jr., wallace",track & field,methylprednisolone,3-month suspension - loss of results,2014-09-19,FALSE,FALSE,FALSE
"martin, james",cycling,non-analytical: failure to appear to sample collection,2-year suspension - loss of results,2014-08-19,FALSE,FALSE,FALSE
"loader, logan",cycling,methylhexaneamine,8-month suspension - loss of results; sanction tolled due to retirement,2014-07-16,FALSE,FALSE,FALSE
"ives, kevin",bobsled and skeleton,non-analytical: 3 whereabouts failures,1-year suspension - loss of results,2014-07-08,FALSE,TRUE,FALSE
"hicks, jeremy",track & field,non-analytical: 3 whereabouts failures,1-year suspension - loss of results,2014-06-20,FALSE,FALSE,FALSE
"trojan, nicholas",rowing,methylphenidate and its metabolite,9-month suspension - loss of results,2014-06-11,FALSE,FALSE,FALSE
"dixon, reginald",track & field,non-analytical: 3 whereabouts failures,1-year suspension - loss of results,2014-06-06,FALSE,FALSE,FALSE
"blanc, obenson",wrestling,ostarine,2-year suspension - loss of results,2014-05-15,FALSE,FALSE,FALSE
"robertson, todd",cycling,modafinil,8-year suspension - loss of results; second violation,2014-05-08,FALSE,FALSE,FALSE
"gay, tyson",track & field,androgenic anabolic steroid,2-year suspension with 1 year reduction - loss of results,2014-05-02,FALSE,FALSE,FALSE
"koon, paul",boxing,non-analytical: 3 whereabouts failures,2-year suspension - loss of results,2014-04-28,FALSE,FALSE,FALSE
"davis, walter",track & field,non-analytical: 3 whereabouts failures,1-year suspension - loss of results,2014-04-21,FALSE,FALSE,FALSE
"carnes, andrew",track & field,"non-analytical: possession, use and possession (epo)",2-year suspension - loss of results,2014-04-18,FALSE,FALSE,FALSE
"lemos garcia, gabrielle",brazilian jiu-jitsu,clomiphene,loss of results,2014-03-26,FALSE,FALSE,FALSE
"o'keefe, shannon",bowling,clomiphene,public warning,2014-03-14,FALSE,FALSE,FALSE
"atkinson, annie",judo,"hydrochlorothiazide, chlorothiazide, triamterene, 4-hydroxytriamterene",3-month suspension - loss of results,2014-02-28,FALSE,FALSE,FALSE
"perry, brett",speedskating,methylphenidate and its metabolite,9-month suspension - loss of results,2014-02-26,FALSE,FALSE,FALSE
"beyene, hirut",track & field,methylhexaneamine,4 month suspension - loss of results,2014-02-21,FALSE,FALSE,FALSE
"marte, cesar",cycling,modafinil,2-year suspension - loss of results,2014-02-03,FALSE,FALSE,FALSE
"baker, daniel",cycling,androgenic anabolic steroid,2-year suspension - loss of results,2014-01-24,FALSE,FALSE,FALSE
"robles, sarah",weightlifting,androgenic anabolic steroid,2-year suspension - loss of results,2014-01-14,FALSE,FALSE,FALSE
"leduc, david",cycling,"androgenic anabolic steroid,  erythropoietin (epo) and amphetamine",2-year suspension - loss of results,2013-12-30,FALSE,FALSE,FALSE
"klineman, alexandra",volleyball,androgenic anabolic steroid,13-month suspension - loss of results,2013-12-20,FALSE,FALSE,FALSE
"akor, mary",track & field,clenbuterol,2-year suspension - loss of results,2013-12-18,FALSE,FALSE,FALSE
"rogers, jason",cycling,methylhexaneamine,9-month suspension - loss of results,2013-11-27,FALSE,FALSE,FALSE
"meeker, richard",cycling,19-norandrosterone (19-na) and 19-noretiocholanolone,2-year suspension - loss of results,2013-11-26,FALSE,FALSE,FALSE
"morelli, shawn",paralympic cycling,methylhexaneamine,180 day suspension - loss of results,2013-11-15,FALSE,FALSE,TRUE
"camarena-williams, jillian",track & field,clomiphene,6-month suspension - loss of results,2013-10-04,FALSE,FALSE,FALSE
"crouse, camdin",paralympic track & field,amphetamine and methylhexaneamine,2-year suspension - loss of results; sanction extended due to a whereabouts compliance failure,2013-09-23,FALSE,FALSE,TRUE
"walden, spencer",track & field,cannabinoids,6-month suspension with 3-month deferral - loss of results,2013-09-20,FALSE,FALSE,FALSE
"bradley, dominique",wrestling,methylhexaneamine,8-month suspension - loss of results,2013-09-06,FALSE,FALSE,FALSE
"aira, yoelkis",cycling,phentermine,2-year suspension - loss of results,2013-09-05,FALSE,FALSE,FALSE
"ramos, don",weightlifting,androgenic anabolic steroid,2-year suspension - loss of results,2013-08-30,FALSE,FALSE,FALSE
"flood, gregory",rowing,glycerol,public warning - loss of results,2013-08-20,FALSE,FALSE,FALSE
"petrucci, frank",rowing,glycerol,public warning - loss of results,2013-08-20,FALSE,FALSE,FALSE
"klier, andreas",cycling,"non-analytical: use (epo, hgh, cortisone, blood tranfusions)",6-month suspension - loss of results,2013-08-15,FALSE,FALSE,FALSE
"dyer, kristopher",weightlifting,methylhexaneamine,9-month suspension - loss of results,2013-08-09,FALSE,FALSE,FALSE
"wilhelm, brian",weightlifting,methylhexaneamine,9-month suspension - loss of results,2013-08-08,FALSE,FALSE,FALSE
"teeple, sloan","cycling, triathlon",androgenic anabolic steroid,18-month suspension - loss of results,2013-06-28,FALSE,TRUE,FALSE
"anwar, abdallah",paralympic boccia,hydrochlorothiazide and chlorothiazide,public warning,2013-06-20,FALSE,FALSE,TRUE
"ostrowski, cameron",track & field,methylhexaneamine,2-year suspension with 1 year reduction - loss of results,2013-06-07,FALSE,FALSE,FALSE
"downing, trey",track & field,non-analytical: refusal to submit to sample collection,18-month suspension - loss of results,2013-05-31,FALSE,FALSE,FALSE
"flanagan, tyler",skiing and snowboarding,non-analytical: refusal to submit to sample collection,2-year suspension - loss of results; sanction tolled,2013-05-09,FALSE,TRUE,FALSE
"pol rodriguez, yosmani",cycling,dexamethasone,2-year suspension - loss of results,2013-04-19,FALSE,FALSE,FALSE
"crawford, shawn",track & field,non-analytical: 3 whereabouts failures,2-year suspension - loss of results,2013-04-18,FALSE,FALSE,FALSE
"morales, erik",professional boxing,clenbuterol,2-year suspension - loss of results,2013-03-22,FALSE,FALSE,FALSE
"hersey, mike",paralympic sailing,hydrochlorothiazide and chlorothiazide,public warning,2013-03-12,FALSE,FALSE,TRUE
"wenzel, roger",track & field,androgenic anabolic steroid and modafinil,2-year suspension - loss of results,2013-03-08,FALSE,FALSE,FALSE
"aldredge, graham",cycling,non-analytical: failure to appear to sample collection,16-month suspension - loss of results,2013-02-22,FALSE,FALSE,FALSE
"jay-rayon, cyril",cycling,modafinil,18-month suspension - loss of results,2012-12-31,FALSE,FALSE,FALSE
"hall, joseph",shooting,19-norandrosterone (19-na) and 19-noretiocholanolone,1-year suspension - loss of results,2012-12-21,FALSE,FALSE,FALSE
"vessey, maggie",track & field,canrenone,public warning - loss of results,2012-12-21,FALSE,FALSE,FALSE
"hesch, christian",track & field,non-analytical: use (epo),2-year suspension with 6 month reduction - loss of results,2012-12-14,FALSE,FALSE,FALSE
"fretta, mark",triathlon,abp and non-analytical: use (epo),4-year suspension - loss of results,2012-11-09,FALSE,FALSE,FALSE
"barry, michael",cycling,"non-analytical: use (epo, hgh, testosterone)",6-month suspension - loss of results,2012-10-10,FALSE,FALSE,FALSE
"danielson, tom",cycling,"non-analytical: use (epo, hgh, testosterone, cortisone, blood transfusions)",6-month suspension - loss of results,2012-10-10,FALSE,FALSE,FALSE
"hincapie, george",cycling,"non-analytical: use (epo, hgh, testosterone, blood transfusions)",6-month suspension - loss of results,2012-10-10,FALSE,FALSE,FALSE
"leipheimer, levi",cycling,"non-analytical: use (epo, testosterone, blood transfusions)",6-month suspension - loss of results,2012-10-10,FALSE,FALSE,FALSE
"vande velde, christian",cycling,"non-analytical: use (epo, hgh, testosterone, cortisone)",6-month suspension - loss of results,2012-10-10,FALSE,FALSE,FALSE
"zabriskie, david",cycling,"non-analytical: use (epo, hgh, testosterone)",6-month suspension - loss of results,2012-10-10,FALSE,FALSE,FALSE
"cruz, julio",cycling,methylhexaneamine,6-month suspension - loss of results,2012-09-14,FALSE,FALSE,FALSE
"dunn anderson, debbie",track & field,androgenic anabolic steroid,2-year suspension - loss of results,2012-09-11,FALSE,FALSE,FALSE
"guarini, gabriele",cycling,erythropoietin (epo),2-year suspension - loss of results,2012-09-07,FALSE,FALSE,FALSE
"andrus, steven",wrestling,cannabinoids & amphetamine,1-year suspension - loss of results,2012-08-31,FALSE,FALSE,FALSE
"lopez, cesar",cycling,cannabinoids,3-month suspension with 3-month deferral - loss of results,2012-08-31,FALSE,FALSE,FALSE
"armstrong, lance",cycling,"non-analytical: use, possession, trafficking, administration and complicity",lifetime suspension - loss of results,2012-08-24,FALSE,FALSE,FALSE
"bascio, monica","paralympic nordic skiing, paralympic cycling",tuaminoheptane,3-month suspension - loss of results,2012-08-15,FALSE,TRUE,TRUE
"brown, matthew",paralympic track & field,hydrochlorothiazide & chlorothiazide,1-year suspension - loss of results; second violation,2012-08-03,FALSE,FALSE,TRUE
"anthony, david",cycling,erythropoietin (epo),2-year suspension - loss of results,2012-07-25,FALSE,FALSE,FALSE
"fletcher, mark",judo,cannabinoids,3-month suspension - loss of results,2012-07-18,FALSE,FALSE,FALSE
"gilbert, joshua",weightlifting,furosemide and non-analytical: refusal to submit to sample collection,3-year suspension - loss of results,2012-07-17,FALSE,FALSE,FALSE
"ferrari, michele",cycling - athlete support personnel,non-analytical,lifetime suspension,2012-07-10,TRUE,FALSE,FALSE
"solo, hope",soccer,canrenone,public warning,2012-07-09,FALSE,FALSE,FALSE
"lee, stephany",wrestling,cannabinoids,1-year suspension - loss of results; second violation,2012-06-28,FALSE,FALSE,FALSE
"madsen, angela","paralympic track & field, paralympic rowing",fentanyl,public warning - loss of results,2012-06-22,FALSE,TRUE,TRUE
"stacy, shelby",cycling,methylhexaneamine,6-month suspension - loss of results,2012-06-16,FALSE,FALSE,FALSE
"shields, jerry",paralympic archery,"hydrochlorothiazide, chlorothiazide, triamterene and labetalol",public warning - loss of results,2012-04-27,FALSE,FALSE,TRUE
"lock, jane",judo,non-analytical: 3 whereabouts failures,2-year suspension - loss of results,2012-04-20,FALSE,FALSE,FALSE
"mendes, patrick",weightlifting,human growth hormone (hgh),2-year suspension - loss of results,2012-04-16,FALSE,FALSE,FALSE
"kochem, matt",rowing,non-analytical: 3 whereabouts failures,1-year suspension - loss of results,2012-04-13,FALSE,FALSE,FALSE
"robertson, todd",cycling,erythropoietin (epo),2-year suspension with 9 month reduction - loss of results,2012-03-30,FALSE,FALSE,FALSE
"rodgers, michael",track & field,methylhexaneamine,9-month suspension - loss of results,2012-03-01,FALSE,FALSE,FALSE
"thompson, lenroy",boxing,non-analytical: 3 whereabouts failures,1-year suspension - loss of results,2012-02-26,FALSE,FALSE,FALSE
"arias, luis",boxing,non-analytical: 3 whereabouts failures,1-year suspension - loss of results,2012-02-24,FALSE,FALSE,FALSE
"brandt-sorenson, nick",cycling,efaproxiral,2-year suspension - loss of results,2012-01-13,FALSE,FALSE,FALSE
"bates, jessie",taekwondo,methylhexaneamine,1-year suspension with 2-month reduction - loss of results,2011-12-05,FALSE,FALSE,FALSE
"allen, damon",boxing,furosemide,6-month suspension - loss of results,2011-11-29,FALSE,FALSE,FALSE
"spuehler, pamela",field hockey,canrenone,2-month suspension - loss of results,2011-11-23,FALSE,FALSE,FALSE
"diamond, michael",cycling,non-analytical: refusal to submit to sample collection,2-year suspension - loss of results,2011-11-18,FALSE,FALSE,FALSE
"tadd, nathaniel",taekwondo,methylhexaneamine,2-year suspension - loss of results; sanction was tolled due to whereabouts compliance failure,2011-11-17,FALSE,FALSE,FALSE
"kieser, frederic",track & field,methylhexaneamine,8-month suspension - loss of results,2011-10-27,FALSE,FALSE,FALSE
"miller, michael",cycling,methylhexaneamine,8 month suspension - loss of results,2011-10-26,FALSE,FALSE,FALSE
"duhon, byron",track & field,non-analytical: refusal to submit to sample collection,2-year suspension - loss of results,2011-10-25,FALSE,FALSE,FALSE
"papp, joseph",cycling,non-analytical: distributing,lifetime suspension with reduction to 8-year suspension - loss of results; second violation,2011-10-21,FALSE,FALSE,FALSE
"jager, kathleen",track & field,androgenic anabolic steroid,2-year suspension - loss of results,2011-10-18,FALSE,FALSE,FALSE
"hunter, michael",boxing,cannabinoids,3-month suspension with 3-month deferral - loss of results,2011-10-11,FALSE,FALSE,FALSE
"lorenz, john",wrestling,clomiphene,2-year suspension - loss of results,2011-10-10,FALSE,FALSE,FALSE
"dibuono, matthew",track & field,androgenic anabolic steroid,4-year suspension - loss of results,2011-10-07,FALSE,FALSE,FALSE
"hernandez, roger",cycling,non-analytical: refusal to submit to sample collection,2-year suspension - loss of results,2011-10-06,FALSE,FALSE,FALSE
"shumaker, stephen",track & field,androgenic anabolic steroid,2-year suspension - loss of results,2011-09-30,FALSE,FALSE,FALSE
"clinger, david",cycling,clenbuterol,lifetime suspension - loss of results; second violation,2011-08-12,FALSE,FALSE,FALSE
"dodson, amy","paralympic track & field, paralympic triathlon",oxilofrine,6-month suspension - loss of results,2011-07-22,FALSE,TRUE,TRUE
"brown, matthew",paralympic track & field,cannabinoids,3-month suspension with 3-month deferral - loss of results,2011-07-18,FALSE,FALSE,TRUE
"webster, joshua",cycling,methylhexaneamine & phenpromethamine,2-year suspension - loss of results,2011-07-15,FALSE,FALSE,FALSE
"reis, fernando",weightlifting,methylhexaneamine,6-month suspension - loss of results,2011-07-14,FALSE,FALSE,FALSE
"quintero, lisban",cycling,19-norandrosterone (19-na) and 19-noretiocholanolone,2-year suspension - loss of results,2011-07-01,FALSE,FALSE,FALSE
"jones, harrison",diving,cannabinoids,1-year suspension - loss of results,2011-06-17,FALSE,FALSE,FALSE
"zajicek, philip",cycling,non-analytical: purchase (epo),lifetime suspension - loss of results; second violation,2011-06-10,FALSE,FALSE,FALSE
"nguyen, jonathan",taekwondo,methylhexaneamine,6-month suspension - loss of results,2011-05-27,FALSE,FALSE,FALSE
"freeman, thomas",track & field,cannabinoids,1-year suspension - loss of results; second violation,2011-05-26,FALSE,FALSE,FALSE
"cannell, peter",cycling,drostanolone,2-year suspension - loss of results,2011-04-08,FALSE,FALSE,FALSE
"tilin, andrew",cycling,non-analytical: use (testosterone & dhea),2-year suspension - loss of results,2011-04-01,FALSE,FALSE,FALSE
"block, mark",track & field - athlete support personnel,non-anatlyical: administration and trafficking,10 year suspension,2011-03-17,TRUE,FALSE,FALSE
"coyle, chuck",cycling,"non-analytical: possession, use and possession (epo, igf-1)",2-year suspension - loss of results,2010-11-24,FALSE,FALSE,FALSE
"schubel, neal",cycling,"non-analytical: purchase, possession and use (epo)",2-year suspension - loss of results,2010-11-24,FALSE,FALSE,FALSE
"clay, ramon",track & field,non-analytical: use and possession,2-year suspension - loss of results,2010-10-22,FALSE,FALSE,FALSE
"merritt, lashawn",track & field,androgenic anabolic steroid,21-month suspension - loss of results,2010-10-18,FALSE,FALSE,FALSE
"o'bee, kirk",cycling,erythropoietin (epo),lifetime - loss of results; second violation,2010-10-06,FALSE,FALSE,FALSE
"mahoney, sean",swimming,methylhexaneamine,6-month suspension - loss of results,2010-10-01,FALSE,FALSE,FALSE
"chodroff, jonathan",cycling,non-analytical: use and possession (epo),2-year suspension - loss of results,2010-09-17,FALSE,FALSE,FALSE
"goff, tyler",speedskating,non-analytical: 3 whereabouts failures,1-year suspension - loss of results,2010-09-13,FALSE,FALSE,FALSE
"dickey, duane",cycling,"non-analytical: refusal to submit to sample collection, possession and use (epo)",lifetime suspension - loss of results,2010-09-10,FALSE,FALSE,FALSE
"lukezic, chris",track & field,non-analytical: refusal to submit to sample collection,2-year suspension - loss of results,2010-09-02,FALSE,FALSE,FALSE
"jelks, mark",track & field,non-analytical: 3 whereabouts failures,2-year suspension - loss of results,2010-08-30,FALSE,FALSE,FALSE
"barnette, brandon",roller sports,non-analytical: 3 whereabouts failures,1-year suspension - loss of results,2010-08-25,FALSE,FALSE,FALSE
"wilmoth, joel",paralympic rugby,non-analytical: refusal to submit to sample collection,2-year suspension - loss of results,2010-08-09,FALSE,FALSE,TRUE
"devine, matthew",weightlifting,androgenic anabolic steroid,2-year suspension - loss of results,2010-07-16,FALSE,FALSE,FALSE
"stewart, raymond",track & field - athlete support personnel,non-analytical: trafficking and administering,lifetime suspension,2010-06-28,TRUE,FALSE,FALSE
"cochran, jerren",boxing,furosemide,2-year suspension - loss of results,2010-06-11,FALSE,FALSE,FALSE
"gomez, jesus",boxing,non-analytical: refusal to submit to sample collection,2-year suspension - loss of results,2010-06-10,FALSE,FALSE,FALSE
"cosby-toruga, jessica",track & field,hydrochlorothiazide & chlorothiazide,4 month suspension - loss of results,2010-05-10,FALSE,FALSE,FALSE
"jones, randy",bobsled and skeleton,non-analytical: refusal to submit to sample collection,2-year suspension - loss of results,2010-04-26,FALSE,TRUE,FALSE
"jones, harrison",diving,cannabinoids,3-month suspension with 3-month deferral - loss of results,2010-04-13,FALSE,FALSE,FALSE
"zirbel, tom",cycling,androgenic anabolic steroid,2-year sanction with 30% reduction - loss of results,2010-04-02,FALSE,FALSE,FALSE
"clinger, david",cycling,androgenic anabolic steroid and modafinil,2-year suspension - loss of results,2010-03-19,FALSE,FALSE,FALSE
"barnwell, val",track & field,testosterone prohormones,2-year suspension - loss of results,2010-03-03,FALSE,FALSE,FALSE
"ross, duane",track & field,non-analytical positive,2-year suspension - loss of results,2010-02-05,FALSE,FALSE,FALSE
"cox, crystal",track & field,non-analytical: use,4-year suspension - loss of results; second violation,2010-01-29,FALSE,FALSE,FALSE
"ellenwood, garfield",track & field,non-analytical,2-year suspension - loss of results,2010-01-28,FALSE,FALSE,FALSE
"o'neil, joshua",judo,methylphenidate metabolite ritalinic acid,2-year suspension - loss of results,2009-12-17,FALSE,FALSE,FALSE
"williams, kenneth",cycling,androgenic anabolic steroid,2-year suspension - loss of results  suspension extended 103 days,2009-12-03,FALSE,FALSE,FALSE
"comardo, mitch",cycling,"tamoxifen and its metabolite, anastrozole, letrozole, human chorionic gonadotrophin (hcg), and clomiphene",2-year suspension - loss of results,2009-10-06,FALSE,FALSE,FALSE
"manning, joy",team handball,cannabinoids,2-year suspension - loss of results,2009-09-07,FALSE,FALSE,FALSE
"hamilton, tyler",cycling,androgenic anabolic steroid,8-year suspension - loss of results; second violation,2009-06-16,FALSE,FALSE,FALSE
"lee, stephany",wrestling,cannabinoids,3-month suspension with 3-month deferral - loss of results,2009-05-13,FALSE,FALSE,FALSE
"freeman, thomas",track & field,cannabinoids,3-month suspension with 3-month deferral - loss of results,2009-04-16,FALSE,FALSE,FALSE
"burns, samuel",rowing,non-analytical: refusal to submit to sample collection,2-year suspension - loss of results,2009-04-10,FALSE,FALSE,FALSE
"vaden, jordan",track & field,stanozolol metabolites,2-year suspension - loss of results,2009-02-06,FALSE,FALSE,FALSE
"sagmeister, leann",paralympic track & field,non-analytical: refusal to submit to sample collection,2-year suspension - loss of results,2009-01-29,FALSE,FALSE,TRUE
"pope, mitchell",track & field,boldenone metabolite,2-year suspension - loss of results,2009-01-23,FALSE,FALSE,FALSE
"leogrande, kayle",cycling,non-analytical: use (epo),2-year suspension - loss of results,2008-12-01,FALSE,FALSE,FALSE
"graham, trevor",track & field - athlete support personnel,non-analytical,lifetime suspension,2008-07-15,TRUE,FALSE,FALSE
"alfred, stephen",cycling,non-analytical: refusal to submit to sample collection,lifetime suspension; third violation,2008-02-05,FALSE,FALSE,FALSE
"bell, kenwood (kenta)",track & field,methylprednisolone,3-month suspension with 3-month deferral - loss of results,2007-07-30,FALSE,FALSE,FALSE
"papp, joseph",cycling,non-analytical positive,2-year suspension - loss of results,2007-05-25,FALSE,FALSE,FALSE
"korchemny, remi",track & field - athlete support personnel,non-analytical,lifetime suspension,2007-03-12,TRUE,FALSE,FALSE
"alfred, stephen",cycling,androgenic anabolic steroid & human chorionic gonadotrophin (hcg),8-year suspension - loss of results,2007-02-02,FALSE,FALSE,FALSE
"hamilton, tyler","cycling, triathlon",blood transfusion,2-year suspension - loss of results,2006-02-11,FALSE,TRUE,FALSE
"zajicek, philip",cycling,cathine (norpseudoephedrine),public warning - loss of results,2004-10-13,FALSE,FALSE,FALSE
"cox, crystal",track & field,ephedrine,public warning - loss of results,2002-10-17,FALSE,FALSE,FALSE
"dickey, duane",cycling,"phentermine, boldenone and nandrolone",1-year suspension - loss of results,2002-08-30,FALSE,FALSE,FALSE
"o'bee, kirk",cycling,elevated t/e,1-year suspension - loss of results,2002-07-18,FALSE,FALSE,FALSE
"dees, tony",track & field,19-norandrosterone (19-na)and 19-noretiocholanolone,lifetime suspension - loss of results; second violation,2001-09-17,FALSE,FALSE,FALSE
"prempeh, ernest",weightlifting,"dhcmt, androgenic anabolic steroids; non-analytical: violation of period of ineligibility",4-year suspension; loss of results; sanction tolled due to retirement; additional 4-year suspension,2022-02-04,FALSE,FALSE,FALSE
"ngetich, eliud",track & field,nandrolone,1-year suspension; loss of results,2022-01-25,FALSE,FALSE,FALSE
"gehm, zach",track & field,"1,4‐dimethylpentylamine (1,4‐dmpa)",2-year suspension; loss of results; additional 3 months of suspension,2021-05-17,FALSE,FALSE,FALSE
"hudson, ryan",weightlifting,dehydrochloromethyltestosterone (dhcmt),8-year suspension; loss of results,2020-11-04,FALSE,FALSE,FALSE
"paparella, flavia",cycling,vilanterol,6-month suspension; loss of results - sanction reduced,2021-01-05,FALSE,FALSE,FALSE
"murdock, vince",mixed martial arts,gw1516,20-month suspension - sanction reduced,2020-08-26,FALSE,FALSE,FALSE
"rante, danielle",weightlifting,19-norandrosterone (19-na),4-year suspension; loss of results - sanction reduced,2022-11-03,FALSE,FALSE,FALSE
"werdum, fabricio",mixed martial arts,trenbolone,2-year suspension - sanction reduced,2020-01-16,FALSE,FALSE,FALSE
"jones, stirley",paralympic track & field,stanozolol,4-year suspension; loss of results,2019-12-16,FALSE,FALSE,TRUE
"hay, amy",weightlifting,ostarine,2-year suspension; loss of results; sanction reduced; unretired - eligible to compete starting 07/25/2020,2019-12-16,FALSE,FALSE,FALSE
"orbon, joane",karate,lgd-4033,9-month suspension; loss of results,2019-09-10,FALSE,FALSE,FALSE
"ribas, amanda",mixed martial arts,ostarine,2-year suspension - sanction reduced,2019-05-03,FALSE,FALSE,FALSE
"saccente, nicholas",weightlifting,androgenic anabolic steroid; boldenone,4-year suspension - loss of results; additional 4 months of suspension - loss of results; sanction tolled due to retirement,2018-12-11,FALSE,FALSE,FALSE
"miyao, paulo",brazilian jiu-jitsu,clomiphene,2-year suspension - loss of results; additional 3 months of suspension - loss of results,2018-11-27,FALSE,FALSE,FALSE
"garcia del moral, luis",cycling - athlete support personnel,non-analytical,5-year suspension,2018-10-26,TRUE,FALSE,FALSE
"bruyneel, johan",cycling - athlete support personnel,non-analytical: administration and trafficking,lifetime suspension,2018-10-24,TRUE,FALSE,FALSE
"celaya lazama, pedro",cycling - athlete support personnel,non-analytical,lifetime suspension,2018-10-24,TRUE,FALSE,FALSE
"marti, jose",cycling - athlete support personnel,non-analytical,15-year suspension,2018-10-24,TRUE,FALSE,FALSE
"moffett, shaun",cycling,testosterone and clomiphene; non-analytical: violation of period of ineligibility,21-month suspension - loss of results; additional 3 months of suspension - loss of results,2018-10-19,FALSE,FALSE,FALSE
"hunter, adam",mixed martial arts,"tamoxifen; boldenone, methandienone, drostanolone, and clenbuterol",2-year suspension - loss of results - additional loss of results,2018-09-26,FALSE,FALSE,FALSE
"bailey, ryan","bobsled and skeleton, track & field","1,3-dimethylbutylamine (dmba)",2-year suspension with 161 day credit - loss of results,2017-12-01,FALSE,TRUE,FALSE
"thomas, tammy",cycling,norbolethone,lifetime ban - loss of results - sanction reduced,2017-02-13,FALSE,FALSE,FALSE
"tovar, oscar",cycling,androgenic anabolic steroid,2-year suspension - loss of results - additional results disqualified,2016-10-04,FALSE,FALSE,FALSE
"fischbach, dylan",paralympic basketball,non-analytical: refusal to submit to sample collection,2-year suspension - loss of results - additional results disqualified,2016-04-11,FALSE,FALSE,TRUE
"lea, robert",cycling,noroxycodone,6-month suspension - loss of results,2016-02-25,FALSE,FALSE,FALSE
"trafeh, mohamed",track & field,"non-analytical: use and possession (epo), and evading sample collection",4-year suspension - loss of results,2015-08-25,FALSE,FALSE,FALSE
"dotti, juan pablo",cycling,androgenic anabolic steroid & amphetamine,2-year suspension - loss of results;  2-year suspension restarted - loss of results,2013-06-05,FALSE,FALSE,FALSE
"oliveira, flavia",cycling,oxilofrine,18-month suspension - loss of results,2010-12-10,FALSE,FALSE,FALSE
"young, jerome",track & field,erythropoietin (epo) and non-analytical: use (epo & hgh),lifetime suspension - loss of results,2008-06-17,FALSE,FALSE,FALSE
"allison, kyler",bobsled,non-analytical: refusal to submit to sample collection,4-year suspension; loss of results; sanction tolled due to retirement,2019-10-09,FALSE,TRUE,FALSE
"allison, kyler",skeleton,non-analytical: refusal to submit to sample collection,4-year suspension; loss of results; sanction tolled due to retirement,2019-10-09,FALSE,TRUE,FALSE
"blandford, jenna",cycling,"non-analytical: use and possession (testosterone, hgh and oxandrolone)",4-year suspension - loss of results,2017-11-28,FALSE,TRUE,FALSE
"blandford, jenna",triathlon,"non-analytical: use and possession (testosterone, hgh and oxandrolone)",4-year suspension - loss of results,2017-11-28,FALSE,TRUE,FALSE
"cruse, j.c.",bobsled,dimethylbutylamine (dmba),16-month suspension - loss of results,2017-07-20,FALSE,TRUE,FALSE
"cruse, j.c.",skeleton,dimethylbutylamine (dmba),16-month suspension - loss of results,2017-07-20,FALSE,TRUE,FALSE
"schrodt, patrick ""dillon""",bobsled,dimethylbutylamine (dmba),16-month suspension - loss of results,2017-04-06,FALSE,TRUE,FALSE
"schrodt, patrick ""dillon""",skeleton,dimethylbutylamine (dmba),16-month suspension - loss of results,2017-04-06,FALSE,TRUE,FALSE
"green, roderick",paralympic track & field,ostarine,9-month suspension - loss of results,2017-03-14,FALSE,TRUE,TRUE
"green, roderick",paralympic volleyball,ostarine,9-month suspension - loss of results,2017-03-14,FALSE,TRUE,TRUE
"denney phillips, jessica",cycling,non-analytical: use (iv),14 month suspension - loss of results,2016-08-24,FALSE,TRUE,FALSE
"denney phillips, jessica",weightlifting,non-analytical: use (iv),14 month suspension - loss of results,2016-08-24,FALSE,TRUE,FALSE
"ives, kevin",bobsled,non-analytical: 3 whereabouts failures,1-year suspension - loss of results,2014-07-08,FALSE,TRUE,FALSE
"ives, kevin",skeleton,non-analytical: 3 whereabouts failures,1-year suspension - loss of results,2014-07-08,FALSE,TRUE,FALSE
"teeple, sloan",cycling,androgenic anabolic steroid,18-month suspension - loss of results,2013-06-28,FALSE,TRUE,FALSE
"teeple, sloan",triathlon,androgenic anabolic steroid,18-month suspension - loss of results,2013-06-28,FALSE,TRUE,FALSE
"flanagan, tyler",skiing,non-analytical: refusal to submit to sample collection,2-year suspension - loss of results; sanction tolled,2013-05-09,FALSE,TRUE,FALSE
"flanagan, tyler",snowboarding,non-analytical: refusal to submit to sample collection,2-year suspension - loss of results; sanction tolled,2013-05-09,FALSE,TRUE,FALSE
"bascio, monica",paralympic nordic skiing,tuaminoheptane,3-month suspension - loss of results,2012-08-15,FALSE,TRUE,TRUE
"bascio, monica",paralympic cycling,tuaminoheptane,3-month suspension - loss of results,2012-08-15,FALSE,TRUE,TRUE
"madsen, angela",paralympic track & field,fentanyl,public warning - loss of results,2012-06-22,FALSE,TRUE,TRUE
"madsen, angela",paralympic rowing,fentanyl,public warning - loss of results,2012-06-22,FALSE,TRUE,TRUE
"dodson, amy",paralympic track & field,oxilofrine,6-month suspension - loss of results,2011-07-22,FALSE,TRUE,TRUE
"dodson, amy",paralympic triathlon,oxilofrine,6-month suspension - loss of results,2011-07-22,FALSE,TRUE,TRUE
"jones, randy",bobsled,non-analytical: refusal to submit to sample collection,2-year suspension - loss of results,2010-04-26,FALSE,TRUE,FALSE
"jones, randy",skeleton,non-analytical: refusal to submit to sample collection,2-year suspension - loss of results,2010-04-26,FALSE,TRUE,FALSE
"hamilton, tyler",cycling,blood transfusion,2-year suspension - loss of results,2006-02-11,FALSE,TRUE,FALSE
"hamilton, tyler",triathlon,blood transfusion,2-year suspension - loss of results,2006-02-11,FALSE,TRUE,FALSE
"bailey, ryan",bobsled,"1,3-dimethylbutylamine (dmba)",2-year suspension with 161 day credit - loss of results,2017-12-01,FALSE,TRUE,FALSE
"bailey, ryan",skeleton,"1,3-dimethylbutylamine (dmba)",2-year suspension with 161 day credit - loss of results,2017-12-01,FALSE,TRUE,FALSE
"bailey, ryan",track & field,"1,3-dimethylbutylamine (dmba)",2-year suspension with 161 day credit - loss of results,2017-12-01,FALSE,TRUE,FALSE
